ID,RESID,RESNAME,ATOMNAME,X,Y,Z,Q
1,1,LYS,N,10.596,3.481,-8.267,-0.3
2,1,LYS,HT1,9.826,3.076,-7.645,0.33
3,1,LYS,HT2,10.587,4.479,-8.089,0.33
4,1,LYS,HT3,11.503,2.981,-7.943,0.33
5,1,LYS,CA,10.18,3.139,-9.63,0.21
6,1,LYS,HA,10.772,3.71,-10.314,0.1
7,1,LYS,CB,10.569,1.677,-9.983,-0.18
8,1,LYS,HB1,10.506,1.432,-11.037,0.09
9,1,LYS,HB2,11.669,1.553,-9.71,0.09
10,1,LYS,CG,9.651,0.681,-9.26,-0.18
11,1,LYS,HG1,9.801,0.763,-8.193,0.09
12,1,LYS,HG2,8.567,0.924,-9.42,0.09
13,1,LYS,CD,10.013,-0.73,-9.656,-0.18
14,1,LYS,HD1,9.571,-0.949,-10.618,0.09
15,1,LYS,HD2,11.066,-0.748,-9.905,0.09
16,1,LYS,CE,9.657,-1.864,-8.712,0.13
17,1,LYS,HE1,8.512,-2.037,-8.708,0.075
18,1,LYS,HE2,10.218,-2.823,-9.102,0.075
19,1,LYS,NZ,10.085,-1.539,-7.34,-0.96
20,1,LYS,HZ1,11.03,-1.724,-7.182,0.34
21,1,LYS,HZ2,10.031,-0.524,-7.267,0.34
22,1,LYS,C,8.677,3.412,-9.804,0.51
23,1,LYS,O,7.988,3.818,-8.867,-0.51
24,2,VAL,N,8.17,3.132,-11.018,-0.47
25,2,VAL,HN,8.858,2.782,-11.7,0.31
26,2,VAL,CA,6.73,3.201,-11.312,0.07
27,2,VAL,HA,6.212,3.42,-10.383,0.09
28,2,VAL,CB,6.269,4.224,-12.327,-0.09
29,2,VAL,HB,6.769,3.99,-13.272,0.09
30,2,VAL,CG1,4.769,4.306,-12.374,-0.27
31,2,VAL,HG11,4.244,3.381,-12.426,0.09
32,2,VAL,HG12,4.361,4.897,-11.53,0.09
33,2,VAL,HG13,4.585,4.896,-13.342,0.09
34,2,VAL,CG2,6.696,5.617,-11.784,-0.27
35,2,VAL,HG21,7.739,5.739,-11.389,0.09
36,2,VAL,HG22,6.536,6.401,-12.605,0.09
37,2,VAL,HG23,6.114,5.854,-10.883,0.09
38,2,VAL,C,6.305,1.768,-11.648,0.51
39,2,VAL,O,7.105,1.047,-12.324,-0.51
40,3,PHE,N,5.192,1.274,-11.113,-0.47
41,3,PHE,HN,4.574,1.827,-10.617,0.31
42,3,PHE,CA,5.01,-0.19,-11.103,0.07
43,3,PHE,HA,5.935,-0.665,-11.266,0.09
44,3,PHE,CB,4.428,-0.633,-9.768,-0.18
45,3,PHE,HB1,4.45,0.225,-9.015,0.09
46,3,PHE,HB2,3.431,-0.969,-9.794,0.09
47,3,PHE,CG,5.119,-1.725,-9.015,0.0
48,3,PHE,CD1,5.756,-2.793,-9.736,-0.115
49,3,PHE,HD1,5.747,-2.857,-10.757,0.115
50,3,PHE,CE1,6.38,-3.832,-9.007,-0.115
51,3,PHE,HE1,6.813,-4.646,-9.486,0.115
52,3,PHE,CZ,6.575,-3.729,-7.616,-0.115
53,3,PHE,HZ,7.214,-4.407,-7.091,0.115
54,3,PHE,CD2,5.196,-1.764,-7.602,-0.115
55,3,PHE,HD2,4.733,-1.002,-6.953,0.115
56,3,PHE,CE2,6.072,-2.634,-6.963,-0.115
57,3,PHE,HE2,6.114,-2.58,-5.867,0.115
58,3,PHE,C,4.014,-0.741,-12.161,0.51
59,3,PHE,O,2.837,-0.391,-12.229,-0.51
60,4,GLY,N,4.446,-1.615,-13.123,-0.47
61,4,GLY,HN,5.367,-2.018,-13.088,0.31
62,4,GLY,CA,3.574,-1.968,-14.253,-0.02
63,4,GLY,HA1,4.118,-2.215,-15.153,0.09
64,4,GLY,HA2,2.94,-1.167,-14.407,0.09
65,4,GLY,C,2.668,-3.078,-13.885,0.51
66,4,GLY,O,2.89,-3.818,-12.898,-0.51
67,5,ARG,N,1.527,-3.203,-14.633,-0.47
68,5,ARG,HN,1.385,-2.62,-15.43,0.31
69,5,ARG,CA,0.462,-4.164,-14.326,0.07
70,5,ARG,HA,0.118,-3.785,-13.409,0.09
71,5,ARG,CB,-0.583,-3.963,-15.346,-0.18
72,5,ARG,HB1,-0.9,-2.864,-15.337,0.09
73,5,ARG,HB2,-0.189,-4.168,-16.37,0.09
74,5,ARG,CG,-1.893,-4.756,-15.299,-0.18
75,5,ARG,HG1,-2.476,-4.54,-16.187,0.09
76,5,ARG,HG2,-1.764,-5.857,-15.413,0.09
77,5,ARG,CD,-2.86,-4.572,-14.088,0.2
78,5,ARG,HD1,-3.823,-5.183,-14.07,0.09
79,5,ARG,HD2,-2.167,-4.788,-13.186,0.09
80,5,ARG,NE,-3.226,-3.093,-14.234,-0.7
81,5,ARG,HE,-2.556,-2.414,-13.942,0.44
82,5,ARG,CZ,-4.296,-2.635,-14.924,0.64
83,5,ARG,NH1,-5.244,-3.446,-15.349,-0.8
84,5,ARG,HH11,-6.026,-3.215,-15.927,0.46
85,5,ARG,HH12,-5.279,-4.234,-14.828,0.46
86,5,ARG,NH2,-4.32,-1.346,-15.199,-0.8
87,5,ARG,HH21,-4.917,-0.974,-15.84,0.46
88,5,ARG,HH22,-3.561,-0.797,-14.779,0.46
89,5,ARG,C,0.913,-5.603,-14.225,0.51
90,5,ARG,O,0.566,-6.238,-13.231,-0.51
91,6,CYS,N,1.724,-6.137,-15.118,-0.47
92,6,CYS,HN,2.011,-5.723,-15.991,0.31
93,6,CYS,CA,2.208,-7.442,-15.096,0.07
94,6,CYS,HA,1.381,-8.114,-15.008,0.09
95,6,CYS,CB,3.095,-7.766,-16.356,-0.11
96,6,CYS,HB1,3.836,-6.932,-16.476,0.09
97,6,CYS,HB2,3.588,-8.726,-16.271,0.09
98,6,CYS,SG,2.116,-7.55,-17.902,-0.23
99,6,CYS,HG1,2.807,-8.324,-18.673,0.16
100,6,CYS,C,3.211,-7.663,-13.996,0.51
101,6,CYS,O,3.2,-8.662,-13.324,-0.51
102,7,GLU,N,4.087,-6.658,-13.742,-0.47
103,7,GLU,HN,4.007,-5.88,-14.275,0.31
104,7,GLU,CA,5.035,-6.588,-12.681,0.07
105,7,GLU,HA,5.719,-7.468,-12.665,0.09
106,7,GLU,CB,5.814,-5.307,-12.992,-0.18
107,7,GLU,HB1,5.172,-4.407,-12.835,0.09
108,7,GLU,HB2,6.652,-5.143,-12.325,0.09
109,7,GLU,CG,6.355,-5.267,-14.473,-0.28
110,7,GLU,HG1,7.314,-4.706,-14.376,0.09
111,7,GLU,HG2,6.697,-6.201,-14.92,0.09
112,7,GLU,CD,5.575,-4.479,-15.557,0.62
113,7,GLU,OE1,6.265,-3.654,-16.184,-0.76
114,7,GLU,OE2,4.428,-4.746,-15.903,-0.76
115,7,GLU,C,4.488,-6.483,-11.289,0.51
116,7,GLU,O,4.878,-7.204,-10.405,-0.51
117,8,LEU,N,3.562,-5.54,-10.992,-0.47
118,8,LEU,HN,3.411,-4.828,-11.718,0.31
119,8,LEU,CA,2.891,-5.357,-9.731,0.07
120,8,LEU,HA,3.678,-5.23,-9.038,0.09
121,8,LEU,CB,1.96,-4.082,-9.838,-0.18
122,8,LEU,HB1,2.563,-3.235,-10.187,0.09
123,8,LEU,HB2,1.251,-4.359,-10.608,0.09
124,8,LEU,CG,1.25,-3.649,-8.507,-0.09
125,8,LEU,HG,0.9,-4.585,-7.949,0.09
126,8,LEU,CD1,2.244,-3.008,-7.612,-0.27
127,8,LEU,HD11,3.167,-3.683,-7.526,0.09
128,8,LEU,HD12,2.636,-2.099,-8.018,0.09
129,8,LEU,HD13,1.791,-2.903,-6.618,0.09
130,8,LEU,CD2,0.08,-2.745,-8.588,-0.27
131,8,LEU,HD21,-0.446,-2.602,-7.632,0.09
132,8,LEU,HD22,0.353,-1.714,-9.001,0.09
133,8,LEU,HD23,-0.747,-3.245,-9.212,0.09
134,8,LEU,C,2.165,-6.655,-9.351,0.51
135,8,LEU,O,2.33,-7.004,-8.209,-0.51
136,9,ALA,N,1.522,-7.368,-10.283,-0.47
137,9,ALA,HN,1.354,-6.858,-11.17,0.31
138,9,ALA,CA,0.884,-8.714,-10.138,0.07
139,9,ALA,HA,-0.045,-8.531,-9.596,0.09
140,9,ALA,CB,0.273,-9.125,-11.466,-0.27
141,9,ALA,HB1,1.008,-9.464,-12.211,0.09
142,9,ALA,HB2,-0.41,-9.999,-11.301,0.09
143,9,ALA,HB3,-0.276,-8.166,-11.841,0.09
144,9,ALA,C,1.771,-9.773,-9.602,0.51
145,9,ALA,O,1.526,-10.588,-8.69,-0.51
146,10,ALA,N,2.917,-9.852,-10.336,-0.47
147,10,ALA,HN,3.164,-9.201,-11.031,0.31
148,10,ALA,CA,3.983,-10.804,-9.95,0.07
149,10,ALA,HA,3.553,-11.818,-10.025,0.09
150,10,ALA,CB,4.999,-10.862,-11.108,-0.27
151,10,ALA,HB1,4.366,-11.14,-11.97,0.09
152,10,ALA,HB2,5.349,-9.886,-11.335,0.09
153,10,ALA,HB3,5.851,-11.535,-10.99,0.09
154,10,ALA,C,4.645,-10.48,-8.532,0.51
155,10,ALA,O,4.95,-11.367,-7.677,-0.51
156,11,ALA,N,4.891,-9.194,-8.22,-0.47
157,11,ALA,HN,4.736,-8.423,-8.843,0.31
158,11,ALA,CA,5.334,-8.849,-6.875,0.07
159,11,ALA,HA,6.187,-9.388,-6.607,0.09
160,11,ALA,CB,5.819,-7.44,-6.814,-0.27
161,11,ALA,HB1,4.909,-6.789,-7.032,0.09
162,11,ALA,HB2,6.212,-7.133,-5.86,0.09
163,11,ALA,HB3,6.689,-7.231,-7.464,0.09
164,11,ALA,C,4.21,-9.002,-5.757,0.51
165,11,ALA,O,4.522,-9.316,-4.635,-0.51
166,12,MET,N,2.936,-8.98,-6.192,-0.47
167,12,MET,HN,2.716,-8.76,-7.181,0.31
168,12,MET,CA,1.87,-9.255,-5.259,0.07
169,12,MET,HA,2.024,-8.513,-4.46,0.09
170,12,MET,CB,0.523,-8.913,-5.893,-0.18
171,12,MET,HB1,0.446,-7.804,-6.21,0.09
172,12,MET,HB2,0.42,-9.653,-6.724,0.09
173,12,MET,CG,-0.737,-9.089,-5.004,-0.14
174,12,MET,HG1,-0.681,-10.17,-4.801,0.09
175,12,MET,HG2,-0.626,-8.53,-4.111,0.09
176,12,MET,SD,-2.299,-8.678,-5.897,-0.09
177,12,MET,CE,-3.141,-9.923,-4.976,-0.22
178,12,MET,HE1,-2.822,-10.022,-3.878,0.09
179,12,MET,HE2,-4.194,-9.657,-4.891,0.09
180,12,MET,HE3,-3.135,-10.942,-5.425,0.09
181,12,MET,C,1.921,-10.676,-4.704,0.51
182,12,MET,O,1.73,-10.958,-3.555,-0.51
183,13,LYS,N,2.124,-11.676,-5.634,-0.47
184,13,LYS,HN,2.013,-11.36,-6.617,0.31
185,13,LYS,CA,2.209,-13.057,-5.412,0.07
186,13,LYS,HA,1.299,-13.368,-4.791,0.09
187,13,LYS,CB,2.366,-13.717,-6.819,-0.18
188,13,LYS,HB1,3.013,-13.121,-7.437,0.09
189,13,LYS,HB2,2.945,-14.667,-6.737,0.09
190,13,LYS,CG,1.082,-14.022,-7.549,-0.18
191,13,LYS,HG1,0.363,-14.649,-6.948,0.09
192,13,LYS,HG2,0.668,-12.969,-7.777,0.09
193,13,LYS,CD,1.235,-14.727,-8.872,-0.18
194,13,LYS,HD1,1.497,-15.783,-8.595,0.09
195,13,LYS,HD2,0.214,-14.646,-9.331,0.09
196,13,LYS,CE,2.246,-14.116,-9.875,0.21
197,13,LYS,HE1,1.955,-13.069,-9.975,0.05
198,13,LYS,HE2,3.316,-14.334,-9.555,0.05
199,13,LYS,NZ,2.052,-14.693,-11.206,-0.3
200,13,LYS,HZ1,1.893,-15.722,-11.206,0.33
201,13,LYS,HZ2,1.199,-14.156,-11.531,0.33
202,13,LYS,HZ3,2.861,-14.615,-11.839,0.33
203,13,LYS,C,3.432,-13.4,-4.573,0.51
204,13,LYS,O,3.299,-14.19,-3.632,-0.51
205,14,ARG,N,4.598,-12.817,-4.881,-0.47
206,14,ARG,HN,4.587,-12.316,-5.694,0.31
207,14,ARG,CA,5.905,-13.035,-4.257,0.07
208,14,ARG,HA,6.084,-14.01,-4.308,0.09
209,14,ARG,CB,6.955,-12.25,-5.04,-0.18
210,14,ARG,HB1,6.938,-12.711,-6.04,0.09
211,14,ARG,HB2,6.833,-11.156,-5.144,0.09
212,14,ARG,CG,8.42,-12.488,-4.476,-0.18
213,14,ARG,HG1,8.322,-12.976,-3.426,0.09
214,14,ARG,HG2,8.891,-13.328,-5.065,0.09
215,14,ARG,CD,9.367,-11.257,-4.425,0.2
216,14,ARG,HD1,8.956,-10.558,-3.778,0.09
217,14,ARG,HD2,10.388,-11.61,-4.096,0.09
218,14,ARG,NE,9.464,-10.738,-5.87,-0.7
219,14,ARG,HE,9.603,-11.376,-6.647,0.44
220,14,ARG,CZ,9.143,-9.476,-6.227,0.64
221,14,ARG,NH1,8.818,-8.471,-5.415,-0.8
222,14,ARG,HH11,8.778,-7.564,-5.788,0.46
223,14,ARG,HH12,8.681,-8.609,-4.379,0.46
224,14,ARG,NH2,9.249,-9.208,-7.487,-0.8
225,14,ARG,HH21,9.091,-8.204,-7.682,0.46
226,14,ARG,HH22,9.646,-9.868,-8.168,0.46
227,14,ARG,C,5.855,-12.653,-2.804,0.51
228,14,ARG,O,6.236,-13.404,-1.98,-0.51
229,15,HSD,N,5.237,-11.553,-2.473,-0.47
230,15,HSD,HN,4.93,-10.966,-3.25,0.31
231,15,HSD,CA,5.162,-11.063,-1.073,0.07
232,15,HSD,HA,5.998,-11.462,-0.548,0.09
233,15,HSD,CB,5.322,-9.507,-0.965,-0.09
234,15,HSD,HB1,4.583,-9.04,-1.732,0.09
235,15,HSD,HB2,5.103,-9.156,0.092,0.09
236,15,HSD,ND1,7.889,-9.516,-0.89,-0.36
237,15,HSD,HD1,7.99,-10.214,-0.166,0.32
238,15,HSD,CG,6.684,-9.068,-1.391,-0.05
239,15,HSD,CE1,8.813,-8.99,-1.679,0.25
240,15,HSD,HE1,9.916,-9.066,-1.532,0.13
241,15,HSD,NE2,8.369,-8.396,-2.737,-0.7
242,15,HSD,CD2,6.997,-8.393,-2.546,0.22
243,15,HSD,HD2,6.323,-8.003,-3.34,0.1
244,15,HSD,C,3.972,-11.674,-0.418,0.51
245,15,HSD,O,3.741,-11.463,0.795,-0.51
246,16,GLY,N,3.22,-12.624,-1.089,-0.47
247,16,GLY,HN,3.487,-12.701,-2.086,0.31
248,16,GLY,CA,2.252,-13.384,-0.389,-0.02
249,16,GLY,HA1,2.602,-13.799,0.538,0.09
250,16,GLY,HA2,1.996,-14.212,-1.034,0.09
251,16,GLY,C,1.008,-12.644,-0.061,0.51
252,16,GLY,O,0.413,-12.826,0.996,-0.51
253,17,LEU,N,0.532,-11.832,-1.043,-0.47
254,17,LEU,HN,1.058,-11.789,-1.901,0.31
255,17,LEU,CA,-0.682,-11.21,-0.949,0.07
256,17,LEU,HA,-1.087,-11.241,0.04,0.09
257,17,LEU,CB,-0.433,-9.687,-1.3,-0.18
258,17,LEU,HB1,0.062,-9.675,-2.25,0.09
259,17,LEU,HB2,-1.311,-9.053,-1.223,0.09
260,17,LEU,CG,0.609,-9.035,-0.45,-0.09
261,17,LEU,HG,1.554,-9.639,-0.477,0.09
262,17,LEU,CD1,0.877,-7.608,-0.933,-0.27
263,17,LEU,HD11,1.773,-7.16,-0.434,0.09
264,17,LEU,HD12,1.121,-7.653,-2.078,0.09
265,17,LEU,HD13,-0.001,-6.967,-0.763,0.09
266,17,LEU,CD2,0.1,-8.817,0.985,-0.27
267,17,LEU,HD21,0.929,-8.301,1.585,0.09
268,17,LEU,HD22,-0.791,-8.17,0.971,0.09
269,17,LEU,HD23,-0.235,-9.749,1.503,0.09
270,17,LEU,C,-1.718,-11.723,-1.89,0.51
271,17,LEU,O,-2.89,-11.453,-1.601,-0.51
272,18,ASP,N,-1.334,-12.502,-2.898,-0.47
273,18,ASP,HN,-0.392,-12.624,-3.121,0.31
274,18,ASP,CA,-2.208,-13.237,-3.801,0.07
275,18,ASP,HA,-2.998,-12.483,-4.1,0.09
276,18,ASP,CB,-1.449,-13.684,-5.101,-0.28
277,18,ASP,HB1,-1.081,-12.75,-5.591,0.09
278,18,ASP,HB2,-0.616,-14.402,-4.869,0.09
279,18,ASP,CG,-2.439,-14.246,-6.098,0.62
280,18,ASP,OD1,-3.509,-13.696,-6.266,-0.76
281,18,ASP,OD2,-2.162,-15.315,-6.689,-0.76
282,18,ASP,C,-3.021,-14.319,-2.939,0.51
283,18,ASP,O,-2.448,-15.295,-2.427,-0.51
284,19,ASN,N,-4.321,-14.076,-2.832,-0.47
285,19,ASN,HN,-4.791,-13.344,-3.372,0.31
286,19,ASN,CA,-5.172,-14.845,-1.996,0.07
287,19,ASN,HA,-6.114,-14.312,-2.041,0.09
288,19,ASN,CB,-5.522,-16.298,-2.558,-0.18
289,19,ASN,HB1,-4.568,-16.864,-2.78,0.09
290,19,ASN,HB2,-6.195,-16.926,-1.896,0.09
291,19,ASN,CG,-6.27,-16.104,-3.903,0.55
292,19,ASN,OD1,-7.361,-15.499,-3.871,-0.55
293,19,ASN,ND2,-5.855,-16.802,-4.958,-0.62
294,19,ASN,HD21,-6.529,-16.861,-5.717,0.32
295,19,ASN,HD22,-5.298,-17.57,-4.732,0.3
296,19,ASN,C,-4.804,-14.838,-0.517,0.51
297,19,ASN,O,-4.466,-15.865,0.077,-0.51
298,20,TYR,N,-4.741,-13.671,0.059,-0.47
299,20,TYR,HN,-4.871,-12.805,-0.462,0.31
300,20,TYR,CA,-4.56,-13.487,1.458,0.07
301,20,TYR,HA,-4.978,-14.267,2.078,0.09
302,20,TYR,CB,-3.038,-13.362,1.743,-0.18
303,20,TYR,HB1,-2.512,-14.285,1.448,0.09
304,20,TYR,HB2,-2.776,-12.451,1.136,0.09
305,20,TYR,CG,-2.588,-13.187,3.129,0.0
306,20,TYR,CD1,-3.138,-14.044,4.146,-0.115
307,20,TYR,HD1,-3.895,-14.727,3.899,0.115
308,20,TYR,CE1,-2.765,-13.927,5.461,-0.115
309,20,TYR,HE1,-3.286,-14.367,6.298,0.115
310,20,TYR,CZ,-1.787,-13.038,5.784,0.11
311,20,TYR,OH,-1.411,-12.768,7.073,-0.54
312,20,TYR,HH,-2.203,-13.042,7.612,0.43
313,20,TYR,CD2,-1.448,-12.514,3.427,-0.115
314,20,TYR,HD2,-1.062,-11.808,2.729,0.115
315,20,TYR,CE2,-1.058,-12.444,4.75,-0.115
316,20,TYR,HE2,-0.319,-11.692,5.033,0.115
317,20,TYR,C,-5.274,-12.202,1.84,0.51
318,20,TYR,O,-4.92,-11.044,1.542,-0.51
319,21,ARG,N,-6.267,-12.399,2.721,-0.47
320,21,ARG,HN,-6.668,-13.33,2.961,0.31
321,21,ARG,CA,-6.983,-11.311,3.355,0.07
322,21,ARG,HA,-7.539,-11.748,4.196,0.09
323,21,ARG,CB,-6.277,-10.256,4.159,-0.18
324,21,ARG,HB1,-5.785,-9.518,3.409,0.09
325,21,ARG,HB2,-7.025,-9.668,4.734,0.09
326,21,ARG,CG,-5.19,-10.845,5.19,-0.18
327,21,ARG,HG1,-5.776,-10.934,6.196,0.09
328,21,ARG,HG2,-4.824,-11.837,4.924,0.09
329,21,ARG,CD,-3.97,-9.889,5.301,0.2
330,21,ARG,HD1,-3.207,-10.316,4.663,0.09
331,21,ARG,HD2,-4.336,-8.872,4.946,0.09
332,21,ARG,NE,-3.6,-10.049,6.751,-0.7
333,21,ARG,HE,-4.304,-10.177,7.496,0.44
334,21,ARG,CZ,-2.376,-9.836,7.31,0.64
335,21,ARG,NH1,-1.383,-9.32,6.606,-0.8
336,21,ARG,HH11,-0.445,-9.306,6.95,0.46
337,21,ARG,HH12,-1.502,-9.168,5.568,0.46
338,21,ARG,NH2,-2.122,-10.043,8.569,-0.8
339,21,ARG,HH21,-1.217,-9.671,8.861,0.46
340,21,ARG,HH22,-2.809,-10.411,9.206,0.46
341,21,ARG,C,-8.086,-10.78,2.514,0.51
342,21,ARG,O,-8.654,-9.729,2.75,-0.51
343,22,GLY,N,-8.487,-11.58,1.485,-0.47
344,22,GLY,HN,-8.043,-12.471,1.246,0.31
345,22,GLY,CA,-9.597,-11.151,0.549,-0.02
346,22,GLY,HA1,-10.464,-11.016,1.119,0.09
347,22,GLY,HA2,-9.788,-11.884,-0.188,0.09
348,22,GLY,C,-9.488,-9.963,-0.27,0.51
349,22,GLY,O,-10.387,-9.49,-0.884,-0.51
350,23,TYR,N,-8.314,-9.353,-0.359,-0.47
351,23,TYR,HN,-7.504,-9.802,0.001,0.31
352,23,TYR,CA,-8.039,-8.212,-1.158,0.07
353,23,TYR,HA,-8.922,-7.588,-1.361,0.09
354,23,TYR,CB,-6.977,-7.271,-0.481,-0.18
355,23,TYR,HB1,-5.988,-7.66,-0.363,0.09
356,23,TYR,HB2,-6.857,-6.305,-1.052,0.09
357,23,TYR,CG,-7.466,-6.894,0.873,0.0
358,23,TYR,CD1,-8.632,-6.177,1.048,-0.115
359,23,TYR,HD1,-9.283,-6.067,0.278,0.115
360,23,TYR,CE1,-8.957,-5.742,2.395,-0.115
361,23,TYR,HE1,-9.995,-5.302,2.601,0.115
362,23,TYR,CZ,-8.168,-6.167,3.451,0.11
363,23,TYR,OH,-8.489,-5.882,4.829,-0.54
364,23,TYR,HH,-9.432,-5.698,4.987,0.43
365,23,TYR,CD2,-6.612,-7.165,1.972,-0.115
366,23,TYR,HD2,-5.658,-7.71,1.818,0.115
367,23,TYR,CE2,-6.995,-6.849,3.253,-0.115
368,23,TYR,HE2,-6.393,-7.033,4.134,0.115
369,23,TYR,C,-7.463,-8.607,-2.528,0.51
370,23,TYR,O,-6.358,-9.141,-2.707,-0.51
371,24,SER,N,-8.306,-8.439,-3.552,-0.47
372,24,SER,HN,-9.228,-8.072,-3.423,0.31
373,24,SER,CA,-8.031,-8.887,-4.915,0.07
374,24,SER,HA,-7.613,-9.832,-4.925,0.09
375,24,SER,CB,-9.334,-9.053,-5.862,0.05
376,24,SER,HB1,-8.991,-9.724,-6.729,0.09
377,24,SER,HB2,-9.993,-9.744,-5.295,0.09
378,24,SER,OG,-9.917,-7.832,-6.319,-0.66
379,24,SER,HG1,-10.645,-8.017,-6.889,0.43
380,24,SER,C,-7.026,-8.047,-5.588,0.51
381,24,SER,O,-6.664,-6.95,-5.134,-0.51
382,25,LEU,N,-6.427,-8.527,-6.707,-0.47
383,25,LEU,HN,-6.669,-9.445,-7.049,0.31
384,25,LEU,CA,-5.393,-7.856,-7.489,0.07
385,25,LEU,HA,-4.617,-7.641,-6.809,0.09
386,25,LEU,CB,-4.792,-8.755,-8.639,-0.18
387,25,LEU,HB1,-4.119,-9.389,-8.141,0.09
388,25,LEU,HB2,-5.593,-9.42,-9.021,0.09
389,25,LEU,CG,-4.062,-8.027,-9.756,-0.09
390,25,LEU,HG,-3.407,-7.263,-9.339,0.09
391,25,LEU,CD1,-3.066,-9.131,-10.31,-0.27
392,25,LEU,HD11,-3.623,-10.097,-10.604,0.09
393,25,LEU,HD12,-2.548,-8.692,-11.218,0.09
394,25,LEU,HD13,-2.301,-9.264,-9.545,0.09
395,25,LEU,CD2,-4.914,-7.543,-10.883,-0.27
396,25,LEU,HD21,-4.212,-7.093,-11.624,0.09
397,25,LEU,HD22,-5.29,-8.487,-11.231,0.09
398,25,LEU,HD23,-5.744,-6.838,-10.794,0.09
399,25,LEU,C,-5.88,-6.469,-7.932,0.51
400,25,LEU,O,-5.286,-5.412,-7.739,-0.51
401,26,GLY,N,-7.138,-6.39,-8.303,-0.47
402,26,GLY,HN,-7.723,-7.242,-8.264,0.31
403,26,GLY,CA,-7.927,-5.178,-8.586,-0.02
404,26,GLY,HA1,-8.944,-5.536,-8.805,0.09
405,26,GLY,HA2,-7.542,-4.567,-9.353,0.09
406,26,GLY,C,-8.066,-4.301,-7.384,0.51
407,26,GLY,O,-8.096,-3.092,-7.58,-0.51
408,27,ASN,N,-8.068,-4.806,-6.097,-0.47
409,27,ASN,HN,-7.967,-5.777,-5.947,0.31
410,27,ASN,CA,-8.148,-3.926,-4.965,0.07
411,27,ASN,HA,-8.892,-3.182,-5.274,0.09
412,27,ASN,CB,-8.571,-4.675,-3.634,-0.18
413,27,ASN,HB1,-7.876,-5.547,-3.501,0.09
414,27,ASN,HB2,-8.437,-3.961,-2.812,0.09
415,27,ASN,CG,-10.028,-5.148,-3.602,0.55
416,27,ASN,OD1,-10.334,-6.154,-2.942,-0.55
417,27,ASN,ND2,-11.006,-4.401,-4.09,-0.62
418,27,ASN,HD21,-11.892,-4.875,-4.076,0.32
419,27,ASN,HD22,-10.973,-3.516,-4.443,0.3
420,27,ASN,C,-6.799,-3.235,-4.76,0.51
421,27,ASN,O,-6.777,-2.04,-4.425,-0.51
422,28,TRP,N,-5.649,-3.851,-4.929,-0.47
423,28,TRP,HN,-5.68,-4.862,-5.092,0.31
424,28,TRP,CA,-4.296,-3.332,-4.974,0.07
425,28,TRP,HA,-4.202,-2.653,-4.146,0.09
426,28,TRP,CB,-3.244,-4.527,-5.092,-0.18
427,28,TRP,HB1,-3.594,-5.157,-5.901,0.09
428,28,TRP,HB2,-2.326,-3.945,-5.268,0.09
429,28,TRP,CG,-3.298,-5.313,-3.818,-0.03
430,28,TRP,CD1,-3.754,-6.557,-3.47,0.035
431,28,TRP,HD1,-4.121,-7.341,-4.257,0.115
432,28,TRP,NE1,-3.73,-6.734,-2.148,-0.61
433,28,TRP,HE1,-4.028,-7.552,-1.66,0.38
434,28,TRP,CE2,-3.191,-5.671,-1.558,0.13
435,28,TRP,CD2,-2.912,-4.766,-2.616,-0.02
436,28,TRP,CE3,-2.407,-3.479,-2.249,-0.115
437,28,TRP,HE3,-2.232,-2.732,-3.084,0.115
438,28,TRP,CZ3,-2.097,-3.277,-0.921,-0.115
439,28,TRP,HZ3,-1.684,-2.26,-0.727,0.115
440,28,TRP,CZ2,-2.792,-5.478,-0.258,-0.115
441,28,TRP,HZ2,-3.025,-6.188,0.584,0.115
442,28,TRP,CH2,-2.207,-4.231,0.069,-0.115
443,28,TRP,HH2,-1.943,-4.008,1.103,0.115
444,28,TRP,C,-4.082,-2.315,-6.167,0.51
445,28,TRP,O,-3.681,-1.184,-5.996,-0.51
446,29,VAL,N,-4.448,-2.694,-7.398,-0.47
447,29,VAL,HN,-4.876,-3.629,-7.535,0.31
448,29,VAL,CA,-4.231,-1.97,-8.606,0.07
449,29,VAL,HA,-3.188,-1.76,-8.681,0.09
450,29,VAL,CB,-4.581,-2.878,-9.806,-0.09
451,29,VAL,HB,-5.611,-3.335,-9.719,0.09
452,29,VAL,CG1,-4.728,-2.035,-11.075,-0.27
453,29,VAL,HG11,-3.75,-1.454,-11.22,0.09
454,29,VAL,HG12,-4.874,-2.743,-11.947,0.09
455,29,VAL,HG13,-5.573,-1.36,-11.085,0.09
456,29,VAL,CG2,-3.488,-3.932,-9.999,-0.27
457,29,VAL,HG21,-3.793,-4.834,-9.496,0.09
458,29,VAL,HG22,-3.558,-4.298,-11.012,0.09
459,29,VAL,HG23,-2.467,-3.717,-9.763,0.09
460,29,VAL,C,-5.036,-0.658,-8.681,0.51
461,29,VAL,O,-4.603,0.422,-9.008,-0.51
462,30,CYS,N,-6.375,-0.751,-8.247,-0.47
463,30,CYS,HN,-6.789,-1.629,-7.941,0.31
464,30,CYS,CA,-7.225,0.372,-8.09,0.07
465,30,CYS,HA,-7.365,0.814,-9.058,0.09
466,30,CYS,CB,-8.6,-0.113,-7.548,-0.11
467,30,CYS,HB1,-8.929,-0.884,-8.187,0.09
468,30,CYS,HB2,-8.537,-0.636,-6.537,0.09
469,30,CYS,SG,-9.991,1.163,-7.471,-0.23
470,30,CYS,HG1,-10.256,0.698,-6.231,0.16
471,30,CYS,C,-6.76,1.383,-7.11,0.51
472,30,CYS,O,-6.707,2.528,-7.526,-0.51
473,31,ALA,N,-6.372,0.982,-5.859,-0.47
474,31,ALA,HN,-6.374,0.062,-5.516,0.31
475,31,ALA,CA,-5.924,1.94,-4.887,0.07
476,31,ALA,HA,-6.634,2.734,-4.839,0.09
477,31,ALA,CB,-5.695,1.003,-3.662,-0.27
478,31,ALA,HB1,-6.69,0.481,-3.407,0.09
479,31,ALA,HB2,-5.04,0.133,-3.845,0.09
480,31,ALA,HB3,-5.278,1.63,-2.859,0.09
481,31,ALA,C,-4.591,2.554,-5.303,0.51
482,31,ALA,O,-4.292,3.743,-5.137,-0.51
483,32,ALA,N,-3.699,1.7,-5.9,-0.47
484,32,ALA,HN,-3.848,0.688,-5.811,0.31
485,32,ALA,CA,-2.345,2.07,-6.396,0.07
486,32,ALA,HA,-1.729,2.464,-5.544,0.09
487,32,ALA,CB,-1.685,0.748,-6.905,-0.27
488,32,ALA,HB1,-1.513,0.096,-6.117,0.09
489,32,ALA,HB2,-2.331,0.181,-7.604,0.09
490,32,ALA,HB3,-0.668,0.915,-7.336,0.09
491,32,ALA,C,-2.421,3.186,-7.47,0.51
492,32,ALA,O,-1.626,4.1,-7.514,-0.51
493,33,LYS,N,-3.387,3.05,-8.376,-0.47
494,33,LYS,HN,-3.972,2.244,-8.293,0.31
495,33,LYS,CA,-3.757,3.97,-9.444,0.07
496,33,LYS,HA,-2.921,3.977,-10.15,0.09
497,33,LYS,CB,-5.044,3.484,-10.085,-0.18
498,33,LYS,HB1,-4.871,2.438,-10.393,0.09
499,33,LYS,HB2,-5.735,3.671,-9.247,0.09
500,33,LYS,CG,-5.632,4.315,-11.262,-0.18
501,33,LYS,HG1,-6.69,3.979,-11.359,0.09
502,33,LYS,HG2,-5.761,5.335,-10.908,0.09
503,33,LYS,CD,-4.922,4.286,-12.609,-0.18
504,33,LYS,HD1,-3.869,4.606,-12.405,0.09
505,33,LYS,HD2,-4.885,3.271,-13.068,0.09
506,33,LYS,CE,-5.508,5.233,-13.598,0.21
507,33,LYS,HE1,-6.502,4.835,-13.854,0.05
508,33,LYS,HE2,-5.476,6.291,-13.273,0.05
509,33,LYS,NZ,-4.772,5.187,-14.869,-0.3
510,33,LYS,HZ1,-5.431,5.604,-15.629,0.33
511,33,LYS,HZ2,-3.779,5.499,-14.895,0.33
512,33,LYS,HZ3,-4.742,4.147,-15.145,0.33
513,33,LYS,C,-3.981,5.425,-8.953,0.51
514,33,LYS,O,-3.463,6.357,-9.556,-0.51
515,34,PHE,N,-4.604,5.646,-7.824,-0.47
516,34,PHE,HN,-4.976,4.928,-7.216,0.31
517,34,PHE,CA,-5.184,6.917,-7.396,0.07
518,34,PHE,HA,-5.705,7.383,-8.177,0.09
519,34,PHE,CB,-6.39,6.673,-6.397,-0.18
520,34,PHE,HB1,-5.946,6.013,-5.591,0.09
521,34,PHE,HB2,-6.781,7.613,-5.907,0.09
522,34,PHE,CG,-7.45,5.882,-7.047,0.0
523,34,PHE,CD1,-7.693,5.782,-8.455,-0.115
524,34,PHE,HD1,-7.136,6.397,-9.13,0.115
525,34,PHE,CE1,-8.609,4.99,-9.059,-0.115
526,34,PHE,HE1,-8.656,4.973,-10.163,0.115
527,34,PHE,CZ,-9.412,4.158,-8.288,-0.115
528,34,PHE,HZ,-10.134,3.527,-8.747,0.115
529,34,PHE,CD2,-8.283,5.04,-6.281,-0.115
530,34,PHE,HD2,-8.149,4.973,-5.259,0.115
531,34,PHE,CE2,-9.206,4.188,-6.887,-0.115
532,34,PHE,HE2,-9.795,3.707,-6.175,0.115
533,34,PHE,C,-4.168,7.899,-6.732,0.51
534,34,PHE,O,-3.589,8.801,-7.384,-0.51
535,35,GLU,N,-3.931,7.924,-5.43,-0.47
536,35,GLU,HN,-4.332,7.255,-4.734,0.31
537,35,GLU,CA,-3.089,8.956,-4.897,0.07
538,35,GLU,HA,-3.449,9.946,-5.212,0.09
539,35,GLU,CB,-3.376,9.204,-3.402,-0.18
540,35,GLU,HB1,-4.42,9.47,-3.297,0.09
541,35,GLU,HB2,-3.09,8.292,-2.816,0.09
542,35,GLU,CG,-2.562,10.371,-2.857,-0.28
543,35,GLU,HG1,-1.54,10.068,-2.443,0.09
544,35,GLU,HG2,-2.528,11.26,-3.578,0.09
545,35,GLU,CD,-3.149,10.963,-1.602,0.62
546,35,GLU,OE1,-3.334,12.218,-1.51,-0.76
547,35,GLU,OE2,-3.554,10.24,-0.616,-0.76
548,35,GLU,C,-1.564,8.891,-5.217,0.51
549,35,GLU,O,-0.882,9.857,-5.453,-0.51
550,36,SER,N,-0.999,7.678,-5.14,-0.47
551,36,SER,HN,-1.481,6.847,-4.804,0.31
552,36,SER,CA,0.434,7.308,-5.32,0.07
553,36,SER,HA,1.035,8.093,-4.926,0.09
554,36,SER,CB,0.82,5.978,-4.586,0.05
555,36,SER,HB1,1.888,5.706,-4.519,0.09
556,36,SER,HB2,0.503,5.924,-3.523,0.09
557,36,SER,OG,0.113,4.833,-5.206,-0.66
558,36,SER,HG1,-0.817,4.989,-5.072,0.43
559,36,SER,C,0.785,7.145,-6.822,0.51
560,36,SER,O,1.946,7.066,-7.239,-0.51
561,37,ASN,N,-0.234,7.242,-7.678,-0.47
562,37,ASN,HN,-1.162,7.145,-7.349,0.31
563,37,ASN,CA,-0.116,7.002,-9.082,0.07
564,37,ASN,HA,-1.083,6.681,-9.487,0.09
565,37,ASN,CB,0.159,8.269,-9.912,-0.18
566,37,ASN,HB1,1.163,8.698,-9.745,0.09
567,37,ASN,HB2,0.127,8.196,-10.99,0.09
568,37,ASN,CG,-0.784,9.364,-9.569,0.55
569,37,ASN,OD1,-0.509,10.482,-9.081,-0.55
570,37,ASN,ND2,-2.1,9.118,-9.915,-0.62
571,37,ASN,HD21,-2.777,9.867,-9.825,0.32
572,37,ASN,HD22,-2.298,8.202,-10.322,0.3
573,37,ASN,C,0.815,5.941,-9.643,0.51
574,37,ASN,O,1.529,6.183,-10.633,-0.51
575,38,PHE,N,0.774,4.798,-9.029,-0.47
576,38,PHE,HN,0.136,4.616,-8.289,0.31
577,38,PHE,CA,1.627,3.634,-9.294,0.07
578,38,PHE,HA,1.338,2.898,-8.601,0.09
579,38,PHE,CB,1.665,3.115,-10.703,-0.18
580,38,PHE,HB1,1.946,3.955,-11.378,0.09
581,38,PHE,HB2,2.293,2.276,-10.978,0.09
582,38,PHE,CG,0.343,2.632,-11.091,0.0
583,38,PHE,CD1,-0.358,1.565,-10.405,-0.115
584,38,PHE,HD1,0.109,1.099,-9.527,0.115
585,38,PHE,CE1,-1.686,1.258,-10.797,-0.115
586,38,PHE,HE1,-2.069,0.314,-10.412,0.115
587,38,PHE,CZ,-2.217,1.882,-11.932,-0.115
588,38,PHE,HZ,-3.198,1.574,-12.244,0.115
589,38,PHE,CD2,-0.249,3.214,-12.21,-0.115
590,38,PHE,HD2,0.324,3.755,-12.901,0.115
591,38,PHE,CE2,-1.486,2.853,-12.651,-0.115
592,38,PHE,HE2,-1.795,3.305,-13.553,0.115
593,38,PHE,C,3.088,3.821,-8.895,0.51
594,38,PHE,O,3.873,2.969,-9.233,-0.51
595,39,ASN,N,3.453,4.872,-8.214,-0.47
596,39,ASN,HN,2.793,5.508,-7.949,0.31
597,39,ASN,CA,4.862,5.159,-7.921,0.07
598,39,ASN,HA,5.455,4.691,-8.667,0.09
599,39,ASN,CB,5.178,6.621,-7.999,-0.18
600,39,ASN,HB1,4.712,7.054,-8.939,0.09
601,39,ASN,HB2,4.716,7.137,-7.148,0.09
602,39,ASN,CG,6.686,6.969,-7.964,0.55
603,39,ASN,OD1,7.38,6.832,-6.96,-0.55
604,39,ASN,ND2,7.164,7.451,-9.107,-0.62
605,39,ASN,HD21,8.113,7.859,-9.031,0.32
606,39,ASN,HD22,6.679,7.302,-9.993,0.3
607,39,ASN,C,5.321,4.527,-6.585,0.51
608,39,ASN,O,4.674,4.66,-5.544,-0.51
609,40,THR,N,6.426,3.799,-6.562,-0.47
610,40,THR,HN,7.002,3.698,-7.335,0.31
611,40,THR,CA,6.872,3.09,-5.407,0.07
612,40,THR,HA,5.975,2.587,-5.055,0.09
613,40,THR,CB,7.866,1.945,-5.588,0.14
614,40,THR,HB,7.981,1.472,-4.568,0.09
615,40,THR,OG1,9.106,2.215,-6.181,-0.66
616,40,THR,HG1,9.79,1.945,-5.552,0.43
617,40,THR,CG2,7.149,0.886,-6.475,-0.27
618,40,THR,HG21,6.19,0.527,-6.026,0.09
619,40,THR,HG22,6.9,1.325,-7.512,0.09
620,40,THR,HG23,7.91,0.087,-6.656,0.09
621,40,THR,C,7.472,3.975,-4.341,0.51
622,40,THR,O,7.62,3.495,-3.187,-0.51
623,41,GLN,N,7.88,5.229,-4.607,-0.47
624,41,GLN,HN,7.653,5.532,-5.553,0.31
625,41,GLN,CA,8.498,6.145,-3.659,0.07
626,41,GLN,HA,8.58,5.721,-2.697,0.09
627,41,GLN,CB,9.929,6.419,-4.15,-0.18
628,41,GLN,HB1,9.895,6.344,-5.247,0.09
629,41,GLN,HB2,10.29,7.434,-3.826,0.09
630,41,GLN,CG,11.084,5.545,-3.566,-0.18
631,41,GLN,HG1,11.933,5.969,-4.131,0.09
632,41,GLN,HG2,11.1,5.729,-2.486,0.09
633,41,GLN,CD,11.028,4.061,-3.803,0.55
634,41,GLN,OE1,11.253,3.659,-4.945,-0.55
635,41,GLN,NE2,10.668,3.239,-2.777,-0.62
636,41,GLN,HE21,10.321,2.278,-2.959,0.32
637,41,GLN,HE22,10.598,3.661,-1.908,0.3
638,41,GLN,C,7.634,7.415,-3.538,0.51
639,41,GLN,O,8.159,8.367,-2.978,-0.51
640,42,ALA,N,6.363,7.376,-3.904,-0.47
641,42,ALA,HN,5.961,6.544,-4.309,0.31
642,42,ALA,CA,5.426,8.453,-3.775,0.07
643,42,ALA,HA,5.85,9.347,-4.271,0.09
644,42,ALA,CB,4.099,8.036,-4.455,-0.27
645,42,ALA,HB1,3.659,7.21,-3.774,0.09
646,42,ALA,HB2,3.381,8.898,-4.565,0.09
647,42,ALA,HB3,4.322,7.769,-5.447,0.09
648,42,ALA,C,5.231,8.851,-2.296,0.51
649,42,ALA,O,5.135,8.034,-1.4,-0.51
650,43,THR,N,5.319,10.154,-2.05,-0.47
651,43,THR,HN,5.436,10.824,-2.766,0.31
652,43,THR,CA,5.214,10.791,-0.743,0.07
653,43,THR,HA,4.77,10.105,0.03,0.09
654,43,THR,CB,6.47,11.533,-0.37,0.14
655,43,THR,HB,6.132,12.348,0.37,0.09
656,43,THR,OG1,7.187,12.263,-1.379,-0.66
657,43,THR,HG1,7.451,11.564,-2.018,0.43
658,43,THR,CG2,7.402,10.509,0.364,-0.27
659,43,THR,HG21,7.638,9.651,-0.253,0.09
660,43,THR,HG22,8.295,11.032,0.713,0.09
661,43,THR,HG23,6.864,10.152,1.249,0.09
662,43,THR,C,4.02,11.756,-0.888,0.51
663,43,THR,O,4.082,12.751,-1.544,-0.51
664,44,ASN,N,2.932,11.434,-0.242,-0.47
665,44,ASN,HN,2.784,10.662,0.458,0.31
666,44,ASN,CA,1.714,12.09,-0.32,0.07
667,44,ASN,HA,1.682,13.121,-0.692,0.09
668,44,ASN,CB,0.741,11.248,-1.143,-0.18
669,44,ASN,HB1,0.56,10.225,-0.729,0.09
670,44,ASN,HB2,-0.211,11.751,-1.186,0.09
671,44,ASN,CG,1.189,11.279,-2.607,0.55
672,44,ASN,OD1,0.986,12.322,-3.311,-0.55
673,44,ASN,ND2,1.646,10.148,-3.123,-0.62
674,44,ASN,HD21,1.941,10.171,-4.081,0.32
675,44,ASN,HD22,1.66,9.327,-2.633,0.3
676,44,ASN,C,1.321,12.205,1.131,0.51
677,44,ASN,O,1.656,11.395,1.959,-0.51
678,45,ARG,N,0.659,13.346,1.49,-0.47
679,45,ARG,HN,0.326,13.902,0.749,0.31
680,45,ARG,CA,0.663,13.865,2.785,0.07
681,45,ARG,HA,0.948,13.075,3.473,0.09
682,45,ARG,CB,1.675,15.045,2.988,-0.18
683,45,ARG,HB1,2.511,14.656,2.392,0.09
684,45,ARG,HB2,1.307,16.031,2.633,0.09
685,45,ARG,CG,2.231,15.275,4.445,-0.18
686,45,ARG,HG1,1.405,15.655,5.092,0.09
687,45,ARG,HG2,2.586,14.258,4.804,0.09
688,45,ARG,CD,3.309,16.319,4.384,0.2
689,45,ARG,HD1,4.132,15.958,3.732,0.09
690,45,ARG,HD2,2.831,17.202,3.924,0.09
691,45,ARG,NE,3.831,16.473,5.77,-0.7
692,45,ARG,HE,3.251,16.288,6.55,0.44
693,45,ARG,CZ,4.793,17.35,6.151,0.64
694,45,ARG,NH1,5.479,18.031,5.253,-0.8
695,45,ARG,HH11,6.002,18.782,5.698,0.46
696,45,ARG,HH12,5.428,17.982,4.261,0.46
697,45,ARG,NH2,5.073,17.72,7.394,-0.8
698,45,ARG,HH21,5.726,18.414,7.651,0.46
699,45,ARG,HH22,4.689,17.141,8.196,0.46
700,45,ARG,C,-0.668,14.251,3.227,0.51
701,45,ARG,O,-1.444,14.878,2.477,-0.51
702,46,ASN,N,-1.023,13.952,4.514,-0.47
703,46,ASN,HN,-0.5,13.331,5.149,0.31
704,46,ASN,CA,-2.358,14.262,5.01,0.07
705,46,ASN,HA,-3.027,14.243,4.091,0.09
706,46,ASN,CB,-2.817,13.286,6.073,-0.18
707,46,ASN,HB1,-2.145,13.15,6.92,0.09
708,46,ASN,HB2,-3.761,13.604,6.49,0.09
709,46,ASN,CG,-2.908,11.883,5.456,0.55
710,46,ASN,OD1,-3.922,11.59,4.731,-0.55
711,46,ASN,ND2,-1.834,11.093,5.516,-0.62
712,46,ASN,HD21,-1.931,10.32,4.993,0.32
713,46,ASN,HD22,-0.904,11.396,5.888,0.3
714,46,ASN,C,-2.413,15.595,5.689,0.51
715,46,ASN,O,-1.423,16.077,6.322,-0.51
716,47,THR,N,-3.668,16.204,5.713,-0.47
717,47,THR,HN,-4.414,15.891,5.241,0.31
718,47,THR,CA,-4.089,17.371,6.464,0.07
719,47,THR,HA,-3.625,18.255,6.01,0.09
720,47,THR,CB,-5.616,17.545,6.414,0.14
721,47,THR,HB,-6.204,16.853,6.972,0.09
722,47,THR,OG1,-6.013,17.567,4.997,-0.66
723,47,THR,HG1,-6.911,17.845,4.972,0.43
724,47,THR,CG2,-5.953,18.986,6.869,-0.27
725,47,THR,HG21,-5.432,19.863,6.343,0.09
726,47,THR,HG22,-6.978,19.223,6.701,0.09
727,47,THR,HG23,-5.869,18.981,8.018,0.09
728,47,THR,C,-3.782,17.419,7.97,0.51
729,47,THR,O,-3.505,18.462,8.584,-0.51
730,48,ASP,N,-3.76,16.253,8.671,-0.47
731,48,ASP,HN,-4.012,15.385,8.216,0.31
732,48,ASP,CA,-3.262,16.021,10.067,0.07
733,48,ASP,HA,-3.689,16.882,10.681,0.09
734,48,ASP,CB,-3.871,14.694,10.723,-0.28
735,48,ASP,HB1,-3.628,14.747,11.825,0.09
736,48,ASP,HB2,-4.987,14.794,10.52,0.09
737,48,ASP,CG,-3.314,13.38,10.105,0.62
738,48,ASP,OD1,-4.077,12.505,9.67,-0.76
739,48,ASP,OD2,-2.069,13.112,10.177,-0.76
740,48,ASP,C,-1.743,16.225,10.147,0.51
741,48,ASP,O,-1.21,16.626,11.169,-0.51
742,49,GLY,N,-0.939,16.037,9.079,-0.47
743,49,GLY,HN,-1.404,15.915,8.192,0.31
744,49,GLY,CA,0.453,16.029,9.056,-0.02
745,49,GLY,HA1,0.856,16.214,9.974,0.09
746,49,GLY,HA2,0.683,16.852,8.359,0.09
747,49,GLY,C,1.122,14.902,8.438,0.51
748,49,GLY,O,2.067,15.064,7.689,-0.51
749,50,SER,N,0.661,13.652,8.674,-0.47
750,50,SER,HN,-0.294,13.62,9.063,0.31
751,50,SER,CA,1.292,12.355,8.386,0.07
752,50,SER,HA,2.263,12.289,8.814,0.09
753,50,SER,CB,0.526,11.225,9.045,0.05
754,50,SER,HB1,1.033,10.284,8.822,0.09
755,50,SER,HB2,0.738,11.442,10.155,0.09
756,50,SER,OG,-0.826,11.362,8.714,-0.66
757,50,SER,HG1,-1.268,11.806,9.504,0.43
758,50,SER,C,1.501,12.132,6.889,0.51
759,50,SER,O,0.777,12.593,6.011,-0.51
760,51,THR,N,2.521,11.3,6.55,-0.47
761,51,THR,HN,3.05,10.974,7.31,0.31
762,51,THR,CA,2.925,10.951,5.226,0.07
763,51,THR,HA,2.383,11.506,4.485,0.09
764,51,THR,CB,4.396,11.138,4.943,0.14
765,51,THR,HB,4.937,10.56,5.699,0.09
766,51,THR,OG1,4.661,12.506,5.018,-0.66
767,51,THR,HG1,4.581,12.693,5.966,0.43
768,51,THR,CG2,4.754,10.781,3.514,-0.27
769,51,THR,HG21,4.059,11.274,2.79,0.09
770,51,THR,HG22,5.796,10.992,3.36,0.09
771,51,THR,HG23,4.608,9.657,3.349,0.09
772,51,THR,C,2.501,9.57,5.029,0.51
773,51,THR,O,2.636,8.722,5.868,-0.51
774,52,ASP,N,1.954,9.309,3.848,-0.47
775,52,ASP,HN,1.717,10.104,3.304,0.31
776,52,ASP,CA,1.675,8.054,3.316,0.07
777,52,ASP,HA,1.581,7.339,4.152,0.09
778,52,ASP,CB,0.396,8.27,2.48,-0.28
779,52,ASP,HB1,0.472,9.109,1.749,0.09
780,52,ASP,HB2,0.238,7.343,1.99,0.09
781,52,ASP,CG,-0.883,8.595,3.253,0.62
782,52,ASP,OD1,-1.133,7.871,4.24,-0.76
783,52,ASP,OD2,-1.743,9.374,2.77,-0.76
784,52,ASP,C,2.766,7.669,2.349,0.51
785,52,ASP,O,2.93,8.303,1.335,-0.51
786,53,TYR,N,3.516,6.564,2.588,-0.47
787,53,TYR,HN,3.399,6.032,3.474,0.31
788,53,TYR,CA,4.687,6.249,1.865,0.07
789,53,TYR,HA,5.057,7.212,1.515,0.09
790,53,TYR,CB,5.732,5.744,2.938,-0.18
791,53,TYR,HB1,5.187,5.145,3.698,0.09
792,53,TYR,HB2,6.453,5.01,2.587,0.09
793,53,TYR,CG,6.468,6.924,3.538,0.0
794,53,TYR,CD1,7.447,7.663,2.72,-0.115
795,53,TYR,HD1,7.736,7.123,1.848,0.115
796,53,TYR,CE1,8.047,8.83,3.212,-0.115
797,53,TYR,HE1,8.83,9.208,2.636,0.115
798,53,TYR,CZ,7.708,9.369,4.403,0.11
799,53,TYR,OH,8.236,10.6,4.853,-0.54
800,53,TYR,HH,8.636,10.981,4.091,0.43
801,53,TYR,CD2,6.069,7.539,4.723,-0.115
802,53,TYR,HD2,5.253,7.074,5.329,0.115
803,53,TYR,CE2,6.686,8.705,5.172,-0.115
804,53,TYR,HE2,6.419,9.15,6.151,0.115
805,53,TYR,C,4.534,5.194,0.863,0.51
806,53,TYR,O,4.06,4.07,1.07,-0.51
807,54,GLY,N,4.973,5.445,-0.369,-0.47
808,54,GLY,HN,5.286,6.41,-0.557,0.31
809,54,GLY,CA,5.075,4.399,-1.373,-0.02
810,54,GLY,HA1,5.305,3.468,-0.896,0.09
811,54,GLY,HA2,5.861,4.825,-2.001,0.09
812,54,GLY,C,3.817,4.303,-2.111,0.51
813,54,GLY,O,2.826,5.072,-1.956,-0.51
814,55,ILE,N,3.705,3.28,-2.956,-0.47
815,55,ILE,HN,4.501,2.728,-3.146,0.31
816,55,ILE,CA,2.511,2.826,-3.611,0.07
817,55,ILE,HA,2.014,3.692,-4.002,0.09
818,55,ILE,CB,2.877,1.863,-4.724,-0.09
819,55,ILE,HB,3.808,2.178,-5.257,0.09
820,55,ILE,CG2,3.115,0.438,-4.127,-0.27
821,55,ILE,HG21,3.556,-0.269,-4.817,0.09
822,55,ILE,HG22,3.562,0.419,-3.14,0.09
823,55,ILE,HG23,2.138,-0.01,-4.024,0.09
824,55,ILE,CG1,1.793,1.703,-5.801,-0.18
825,55,ILE,HG11,0.752,1.577,-5.409,0.09
826,55,ILE,HG12,1.822,2.67,-6.406,0.09
827,55,ILE,CD,2.172,0.683,-6.884,-0.27
828,55,ILE,HD1,3.257,0.628,-7.164,0.09
829,55,ILE,HD2,1.879,-0.324,-6.48,0.09
830,55,ILE,HD3,1.581,0.843,-7.858,0.09
831,55,ILE,C,1.516,2.241,-2.71,0.51
832,55,ILE,O,0.323,2.425,-2.877,-0.51
833,56,LEU,N,1.981,1.575,-1.65,-0.47
834,56,LEU,HN,2.97,1.335,-1.534,0.31
835,56,LEU,CA,1.074,0.949,-0.638,0.07
836,56,LEU,HA,0.325,0.614,-1.3,0.09
837,56,LEU,CB,1.888,-0.029,0.203,-0.18
838,56,LEU,HB1,2.752,0.439,0.58,0.09
839,56,LEU,HB2,1.314,-0.468,1.036,0.09
840,56,LEU,CG,2.338,-1.239,-0.632,-0.09
841,56,LEU,HG,2.938,-0.843,-1.516,0.09
842,56,LEU,CD1,3.134,-2.239,0.178,-0.27
843,56,LEU,HD11,2.668,-2.549,1.132,0.09
844,56,LEU,HD12,3.597,-2.993,-0.402,0.09
845,56,LEU,HD13,4.03,-1.648,0.467,0.09
846,56,LEU,CD2,1.066,-2.063,-1.13,-0.27
847,56,LEU,HD21,0.532,-2.411,-0.24,0.09
848,56,LEU,HD22,0.495,-1.42,-1.847,0.09
849,56,LEU,HD23,1.366,-2.924,-1.696,0.09
850,56,LEU,C,0.402,1.964,0.188,0.51
851,56,LEU,O,-0.519,1.614,0.907,-0.51
852,57,GLN,N,0.87,3.174,0.21,-0.47
853,57,GLN,HN,1.452,3.542,-0.477,0.31
854,57,GLN,CA,0.58,4.256,1.158,0.07
855,57,GLN,HA,1.33,5.02,0.974,0.09
856,57,GLN,CB,-0.723,4.953,0.893,-0.18
857,57,GLN,HB1,-1.529,4.179,0.923,0.09
858,57,GLN,HB2,-0.889,5.741,1.668,0.09
859,57,GLN,CG,-0.77,5.624,-0.54,-0.18
860,57,GLN,HG1,0.234,6.102,-0.635,0.09
861,57,GLN,HG2,-0.927,4.973,-1.372,0.09
862,57,GLN,CD,-2.017,6.538,-0.646,0.55
863,57,GLN,OE1,-2.947,6.183,-1.362,-0.55
864,57,GLN,NE2,-1.998,7.673,0.069,-0.62
865,57,GLN,HE21,-2.771,8.287,0.096,0.32
866,57,GLN,HE22,-1.103,8.023,0.397,0.3
867,57,GLN,C,0.721,3.955,2.654,0.51
868,57,GLN,O,-0.169,4.305,3.416,-0.51
869,58,ILE,N,1.893,3.387,3.183,-0.47
870,58,ILE,HN,2.734,3.09,2.641,0.31
871,58,ILE,CA,2.087,3.157,4.611,0.07
872,58,ILE,HA,1.259,2.52,5.019,0.09
873,58,ILE,CB,3.202,2.132,4.9,-0.09
874,58,ILE,HB,3.36,2.017,6.006,0.09
875,58,ILE,CG2,2.897,0.794,4.2,-0.27
876,58,ILE,HG21,3.054,0.992,3.082,0.09
877,58,ILE,HG22,3.486,-0.113,4.411,0.09
878,58,ILE,HG23,1.796,0.537,4.298,0.09
879,58,ILE,CG1,4.559,2.788,4.454,-0.18
880,58,ILE,HG11,4.512,2.886,3.336,0.09
881,58,ILE,HG12,4.7,3.789,4.959,0.09
882,58,ILE,CD,5.813,1.955,4.764,-0.27
883,58,ILE,HD1,6.626,2.694,4.737,0.09
884,58,ILE,HD2,5.747,1.708,5.805,0.09
885,58,ILE,HD3,6.027,1.074,4.089,0.09
886,58,ILE,C,2.142,4.483,5.36,0.51
887,58,ILE,O,3.006,5.315,5.055,-0.51
888,59,ASN,N,1.261,4.669,6.327,-0.47
889,59,ASN,HN,0.452,4.054,6.493,0.31
890,59,ASN,CA,1.191,5.967,7.032,0.07
891,59,ASN,HA,1.4,6.717,6.3,0.09
892,59,ASN,CB,-0.229,6.247,7.504,-0.18
893,59,ASN,HB1,-0.862,6.064,6.582,0.09
894,59,ASN,HB2,-0.681,5.622,8.327,0.09
895,59,ASN,CG,-0.543,7.657,8.002,0.55
896,59,ASN,OD1,-0.399,7.972,9.146,-0.55
897,59,ASN,ND2,-0.894,8.583,7.071,-0.62
898,59,ASN,HD21,-1.169,9.433,7.453,0.32
899,59,ASN,HD22,-0.951,8.327,6.152,0.3
900,59,ASN,C,2.155,6.042,8.144,0.51
901,59,ASN,O,2.629,5.096,8.823,-0.51
902,60,SER,N,2.538,7.259,8.464,-0.47
903,60,SER,HN,2.188,8.026,7.846,0.31
904,60,SER,CA,3.637,7.655,9.356,0.07
905,60,SER,HA,4.351,6.833,9.474,0.09
906,60,SER,CB,4.606,8.652,8.722,0.05
907,60,SER,HB1,5.447,8.678,9.428,0.09
908,60,SER,HB2,4.809,8.196,7.717,0.09
909,60,SER,OG,3.944,9.886,8.523,-0.66
910,60,SER,HG1,4.626,10.522,8.876,0.43
911,60,SER,C,3.207,8.227,10.718,0.51
912,60,SER,O,3.966,8.491,11.612,-0.51
913,61,ARG,N,1.851,8.249,11.012,-0.47
914,61,ARG,HN,1.075,8.091,10.37,0.31
915,61,ARG,CA,1.421,8.563,12.41,0.07
916,61,ARG,HA,1.934,9.47,12.762,0.09
917,61,ARG,CB,-0.178,8.784,12.496,-0.18
918,61,ARG,HB1,-0.47,9.453,11.735,0.09
919,61,ARG,HB2,-0.708,7.814,12.369,0.09
920,61,ARG,CG,-0.771,9.364,13.836,-0.18
921,61,ARG,HG1,-1.801,9.631,13.511,0.09
922,61,ARG,HG2,-0.729,8.573,14.725,0.09
923,61,ARG,CD,-0.222,10.708,14.24,0.2
924,61,ARG,HD1,-0.679,10.987,15.17,0.09
925,61,ARG,HD2,0.873,10.716,14.377,0.09
926,61,ARG,NE,-0.565,11.766,13.227,-0.7
927,61,ARG,HE,-1.287,11.618,12.538,0.44
928,61,ARG,CZ,0.022,12.991,13.141,0.64
929,61,ARG,NH1,0.918,13.449,14.023,-0.8
930,61,ARG,HH11,1.209,14.404,13.949,0.46
931,61,ARG,HH12,1.005,12.847,14.83,0.46
932,61,ARG,NH2,-0.25,13.842,12.098,-0.8
933,61,ARG,HH21,0.249,14.759,12.174,0.46
934,61,ARG,HH22,-0.904,13.54,11.336,0.46
935,61,ARG,C,1.903,7.518,13.397,0.51
936,61,ARG,O,2.436,7.856,14.48,-0.51
937,62,TRP,N,1.76,6.254,12.985,-0.47
938,62,TRP,HN,1.293,6.202,12.086,0.31
939,62,TRP,CA,2.094,5.136,13.826,0.07
940,62,TRP,HA,2.727,5.466,14.676,0.09
941,62,TRP,CB,0.698,4.61,14.25,-0.18
942,62,TRP,HB1,0.072,4.439,13.386,0.09
943,62,TRP,HB2,0.841,3.671,14.844,0.09
944,62,TRP,CG,-0.157,5.442,15.218,-0.03
945,62,TRP,CD1,-1.318,6.017,15.028,0.035
946,62,TRP,HD1,-1.78,6.008,14.075,0.115
947,62,TRP,NE1,-1.736,6.523,16.19,-0.61
948,62,TRP,HE1,-2.55,7.084,16.336,0.38
949,62,TRP,CE2,-0.851,6.224,17.242,0.13
950,62,TRP,CD2,0.189,5.535,16.616,-0.02
951,62,TRP,CE3,1.244,5.05,17.4,-0.115
952,62,TRP,HE3,2.022,4.418,16.918,0.115
953,62,TRP,CZ3,1.204,5.204,18.76,-0.115
954,62,TRP,HZ3,1.94,4.796,19.435,0.115
955,62,TRP,CZ2,-0.872,6.452,18.58,-0.115
956,62,TRP,HZ2,-1.719,6.747,19.179,0.115
957,62,TRP,CH2,0.134,5.885,19.347,-0.115
958,62,TRP,HH2,0.106,5.9,20.462,0.115
959,62,TRP,C,2.739,3.906,13.227,0.51
960,62,TRP,O,3.327,3.069,13.938,-0.51
961,63,TRP,N,2.836,3.734,11.917,-0.47
962,63,TRP,HN,2.44,4.401,11.346,0.31
963,63,TRP,CA,3.581,2.554,11.36,0.07
964,63,TRP,HA,3.877,1.882,12.228,0.09
965,63,TRP,CB,2.648,1.757,10.462,-0.18
966,63,TRP,HB1,2.809,2.123,9.404,0.09
967,63,TRP,HB2,3.079,0.754,10.464,0.09
968,63,TRP,CG,1.198,1.768,10.763,-0.03
969,63,TRP,CD1,0.282,2.579,10.283,0.035
970,63,TRP,HD1,0.58,3.373,9.621,0.115
971,63,TRP,NE1,-1.005,2.25,10.752,-0.61
972,63,TRP,HE1,-1.861,2.556,10.44,0.38
973,63,TRP,CE2,-0.87,1.257,11.726,0.13
974,63,TRP,CD2,0.503,0.87,11.735,-0.02
975,63,TRP,CE3,0.953,-0.023,12.719,-0.115
976,63,TRP,HE3,2.028,-0.221,12.819,0.115
977,63,TRP,CZ3,0.007,-0.579,13.664,-0.115
978,63,TRP,HZ3,0.328,-1.383,14.337,0.115
979,63,TRP,CZ2,-1.784,0.744,12.631,-0.115
980,63,TRP,HZ2,-2.842,1.053,12.613,0.115
981,63,TRP,CH2,-1.329,-0.113,13.644,-0.115
982,63,TRP,HH2,-2.037,-0.502,14.346,0.115
983,63,TRP,C,4.916,2.859,10.666,0.51
984,63,TRP,O,5.632,1.91,10.368,-0.51
985,64,CYS,N,5.337,4.128,10.527,-0.47
986,64,CYS,HN,4.739,4.899,10.751,0.31
987,64,CYS,CA,6.638,4.374,9.9,0.07
988,64,CYS,HA,7.305,3.861,10.5,0.09
989,64,CYS,CB,6.786,4.042,8.365,-0.11
990,64,CYS,HB1,7.843,4.021,8.205,0.09
991,64,CYS,HB2,6.517,2.966,8.323,0.09
992,64,CYS,SG,5.718,5.012,7.276,-0.23
993,64,CYS,HG1,4.512,4.879,7.882,0.16
994,64,CYS,C,7.032,5.831,10.175,0.51
995,64,CYS,O,6.262,6.617,10.728,-0.51
996,65,ASN,N,8.218,6.289,9.761,-0.47
997,65,ASN,HN,8.789,5.541,9.361,0.31
998,65,ASN,CA,8.808,7.521,10.085,0.07
999,65,ASN,HA,8.164,8.087,10.75,0.09
1000,65,ASN,CB,10.114,7.212,10.839,-0.18
1001,65,ASN,HB1,10.657,6.398,10.267,0.09
1002,65,ASN,HB2,10.773,8.119,10.834,0.09
1003,65,ASN,CG,10.061,6.673,12.258,0.55
1004,65,ASN,OD1,10.496,5.548,12.505,-0.55
1005,65,ASN,ND2,9.374,7.481,13.103,-0.62
1006,65,ASN,HD21,9.319,7.301,14.046,0.32
1007,65,ASN,HD22,9.065,8.369,12.791,0.3
1008,65,ASN,C,8.921,8.355,8.919,0.51
1009,65,ASN,O,9.075,7.758,7.844,-0.51
1010,66,ASP,N,8.746,9.671,9.11,-0.47
1011,66,ASP,HN,8.439,9.983,10.015,0.31
1012,66,ASP,CA,8.811,10.725,8.118,0.07
1013,66,ASP,HA,9.094,10.296,7.164,0.09
1014,66,ASP,CB,7.48,11.567,7.977,-0.28
1015,66,ASP,HB1,7.64,12.486,7.405,0.09
1016,66,ASP,HB2,6.726,10.976,7.357,0.09
1017,66,ASP,CG,6.88,11.88,9.316,0.62
1018,66,ASP,OD1,7.395,12.559,10.275,-0.76
1019,66,ASP,OD2,5.663,11.576,9.4,-0.76
1020,66,ASP,C,9.893,11.723,8.511,0.51
1021,66,ASP,O,10.547,12.373,7.686,-0.51
1022,67,GLY,N,10.159,11.967,9.815,-0.47
1023,67,GLY,HN,9.396,11.765,10.435,0.31
1024,67,GLY,CA,11.189,12.803,10.353,-0.02
1025,67,GLY,HA1,11.979,12.798,9.625,0.09
1026,67,GLY,HA2,11.516,12.461,11.326,0.09
1027,67,GLY,C,10.733,14.279,10.446,0.51
1028,67,GLY,O,11.607,15.161,10.375,-0.51
1029,68,ARG,N,9.424,14.556,10.538,-0.47
1030,68,ARG,HN,8.754,13.83,10.396,0.31
1031,68,ARG,CA,8.978,15.887,10.346,0.07
1032,68,ARG,HA,9.588,16.541,11.014,0.09
1033,68,ARG,CB,8.934,16.318,8.878,-0.18
1034,68,ARG,HB1,8.68,17.36,8.63,0.09
1035,68,ARG,HB2,9.965,16.222,8.417,0.09
1036,68,ARG,CG,7.925,15.515,7.969,-0.18
1037,68,ARG,HG1,8.314,14.469,8.077,0.09
1038,68,ARG,HG2,6.881,15.622,8.361,0.09
1039,68,ARG,CD,8.18,15.861,6.51,0.2
1040,68,ARG,HD1,7.909,16.917,6.403,0.09
1041,68,ARG,HD2,9.286,15.723,6.364,0.09
1042,68,ARG,NE,7.342,14.95,5.713,-0.7
1043,68,ARG,HE,6.865,14.278,6.281,0.44
1044,68,ARG,CZ,7.232,14.994,4.34,0.64
1045,68,ARG,NH1,8.06,15.794,3.6,-0.8
1046,68,ARG,HH11,8.012,15.74,2.602,0.46
1047,68,ARG,HH12,8.575,16.533,4.017,0.46
1048,68,ARG,NH2,6.405,14.123,3.743,-0.8
1049,68,ARG,HH21,6.385,14.109,2.778,0.46
1050,68,ARG,HH22,5.708,13.633,4.329,0.46
1051,68,ARG,C,7.55,16.014,10.98,0.51
1052,68,ARG,O,6.875,17.018,10.792,-0.51
1053,69,THR,N,7.079,15.013,11.644,-0.47
1054,69,THR,HN,7.721,14.293,11.863,0.31
1055,69,THR,CA,5.678,14.952,12.126,0.07
1056,69,THR,HA,5.135,15.734,11.776,0.09
1057,69,THR,CB,4.9,13.743,11.731,0.14
1058,69,THR,HB,5.34,12.722,11.837,0.09
1059,69,THR,OG1,4.646,13.867,10.355,-0.66
1060,69,THR,HG1,5.478,13.502,9.941,0.43
1061,69,THR,CG2,3.514,13.625,12.278,-0.27
1062,69,THR,HG21,2.968,14.532,12.252,0.09
1063,69,THR,HG22,3.019,12.863,11.666,0.09
1064,69,THR,HG23,3.492,13.277,13.321,0.09
1065,69,THR,C,5.815,14.877,13.599,0.51
1066,69,THR,O,6.564,14.079,14.174,-0.51
1067,70,PRO,N,5.258,15.786,14.331,-0.29
1068,70,PRO,CD,4.94,17.145,13.826,0.0
1069,70,PRO,HD1,5.828,17.651,13.431,0.09
1070,70,PRO,HD2,4.224,17.119,12.987,0.09
1071,70,PRO,CA,5.255,15.706,15.818,0.02
1072,70,PRO,HA,5.997,14.993,16.233,0.09
1073,70,PRO,CB,5.445,17.192,16.276,-0.18
1074,70,PRO,HB1,6.516,17.386,16.266,0.09
1075,70,PRO,HB2,5.082,17.442,17.204,0.09
1076,70,PRO,CG,4.637,17.942,15.165,-0.18
1077,70,PRO,HG1,3.559,18.065,15.392,0.09
1078,70,PRO,HG2,5.097,18.931,15.022,0.09
1079,70,PRO,C,3.847,15.044,16.194,0.51
1080,70,PRO,O,2.882,15.115,15.394,-0.51
1081,71,GLY,N,3.821,14.312,17.282,-0.47
1082,71,GLY,HN,4.671,14.261,17.734,0.31
1083,71,GLY,CA,2.679,13.461,17.607,-0.02
1084,71,GLY,HA1,1.744,13.88,17.317,0.09
1085,71,GLY,HA2,2.671,13.243,18.731,0.09
1086,71,GLY,C,2.722,12.127,16.922,0.51
1087,71,GLY,O,1.654,11.61,16.564,-0.51
1088,72,SER,N,3.893,11.603,16.624,-0.47
1089,72,SER,HN,4.735,12.144,16.919,0.31
1090,72,SER,CA,4.012,10.307,16.014,0.07
1091,72,SER,HA,3.085,9.713,16.05,0.09
1092,72,SER,CB,4.455,10.39,14.494,0.05
1093,72,SER,HB1,4.581,9.359,14.037,0.09
1094,72,SER,HB2,3.625,10.874,13.876,0.09
1095,72,SER,OG,5.679,11.136,14.296,-0.66
1096,72,SER,HG1,5.883,10.947,13.38,0.43
1097,72,SER,C,5.008,9.333,16.673,0.51
1098,72,SER,O,5.854,9.675,17.507,-0.51
1099,73,ARG,N,4.844,8.046,16.362,-0.47
1100,73,ARG,HN,4.121,7.653,15.802,0.31
1101,73,ARG,CA,5.565,6.93,16.96,0.07
1102,73,ARG,HA,6.595,7.3,17.084,0.09
1103,73,ARG,CB,4.834,6.406,18.269,-0.18
1104,73,ARG,HB1,3.901,5.973,17.929,0.09
1105,73,ARG,HB2,5.441,5.614,18.574,0.09
1106,73,ARG,CG,4.594,7.366,19.444,-0.18
1107,73,ARG,HG1,4.072,8.254,18.994,0.09
1108,73,ARG,HG2,3.766,6.908,20.09,0.09
1109,73,ARG,CD,5.814,7.949,20.159,0.2
1110,73,ARG,HD1,6.561,8.18,19.42,0.09
1111,73,ARG,HD2,5.797,8.866,20.71,0.09
1112,73,ARG,NE,6.291,6.858,21.077,-0.7
1113,73,ARG,HE,5.686,6.047,21.307,0.44
1114,73,ARG,CZ,7.475,6.852,21.608,0.64
1115,73,ARG,NH1,8.208,7.966,21.709,-0.8
1116,73,ARG,HH11,9.15,7.862,22.142,0.46
1117,73,ARG,HH12,8.092,8.891,21.21,0.46
1118,73,ARG,NH2,7.974,5.739,21.993,-0.8
1119,73,ARG,HH21,8.728,5.661,22.611,0.46
1120,73,ARG,HH22,7.415,4.893,21.947,0.46
1121,73,ARG,C,5.55,5.769,15.961,0.51
1122,73,ARG,O,4.751,5.855,15.05,-0.51
1123,74,ASN,N,6.282,4.7,16.195,-0.47
1124,74,ASN,HN,6.774,4.71,17.077,0.31
1125,74,ASN,CA,6.451,3.652,15.3,0.07
1126,74,ASN,HA,5.576,3.74,14.66,0.09
1127,74,ASN,CB,7.75,3.781,14.508,-0.18
1128,74,ASN,HB1,7.744,4.852,14.071,0.09
1129,74,ASN,HB2,8.66,3.524,15.094,0.09
1130,74,ASN,CG,7.738,2.879,13.309,0.55
1131,74,ASN,OD1,6.938,2.033,12.995,-0.55
1132,74,ASN,ND2,8.84,3.061,12.431,-0.62
1133,74,ASN,HD21,8.863,2.663,11.568,0.32
1134,74,ASN,HD22,9.482,3.789,12.593,0.3
1135,74,ASN,C,6.235,2.324,16.045,0.51
1136,74,ASN,O,7.016,1.885,16.952,-0.51
1137,75,LEU,N,5.215,1.581,15.521,-0.47
1138,75,LEU,HN,4.599,2.047,14.86,0.31
1139,75,LEU,CA,4.812,0.267,16.014,0.07
1140,75,LEU,HA,5.127,0.113,17.063,0.09
1141,75,LEU,CB,3.301,0.213,16.106,-0.18
1142,75,LEU,HB1,2.839,0.199,15.086,0.09
1143,75,LEU,HB2,2.952,-0.781,16.572,0.09
1144,75,LEU,CG,2.576,1.358,16.849,-0.09
1145,75,LEU,HG,2.589,2.255,16.237,0.09
1146,75,LEU,CD1,1.051,1.136,17.192,-0.27
1147,75,LEU,HD11,0.96,0.372,17.966,0.09
1148,75,LEU,HD12,0.738,2.068,17.723,0.09
1149,75,LEU,HD13,0.464,0.875,16.332,0.09
1150,75,LEU,CD2,3.313,1.844,18.171,-0.27
1151,75,LEU,HD21,3.28,1.086,18.983,0.09
1152,75,LEU,HD22,4.363,2.107,17.897,0.09
1153,75,LEU,HD23,2.782,2.751,18.711,0.09
1154,75,LEU,C,5.261,-0.852,15.11,0.51
1155,75,LEU,O,5.001,-2.064,15.397,-0.51
1156,76,CYS,N,5.877,-0.522,13.943,-0.47
1157,76,CYS,HN,6.058,0.425,13.81,0.31
1158,76,CYS,CA,6.336,-1.499,12.981,0.07
1159,76,CYS,HA,5.947,-2.487,13.198,0.09
1160,76,CYS,CB,5.834,-1.135,11.49,-0.11
1161,76,CYS,HB1,4.774,-0.938,11.537,0.09
1162,76,CYS,HB2,6.304,-0.096,11.31,0.09
1163,76,CYS,SG,6.321,-2.447,10.246,-0.23
1164,76,CYS,HG1,5.351,-3.256,10.544,0.16
1165,76,CYS,C,7.907,-1.528,12.984,0.51
1166,76,CYS,O,8.557,-2.567,12.948,-0.51
1167,77,ASN,N,8.523,-0.344,13.051,-0.47
1168,77,ASN,HN,7.994,0.462,13.002,0.31
1169,77,ASN,CA,9.934,-0.257,13.267,0.07
1170,77,ASN,HA,10.132,0.758,13.352,0.09
1171,77,ASN,CB,10.385,-0.841,14.663,-0.18
1172,77,ASN,HB1,10.394,-1.913,14.696,0.09
1173,77,ASN,HB2,11.399,-0.591,14.984,0.09
1174,77,ASN,CG,9.332,-0.267,15.654,0.55
1175,77,ASN,OD1,8.339,-0.938,16.002,-0.55
1176,77,ASN,ND2,9.512,1.027,16.028,-0.62
1177,77,ASN,HD21,8.876,1.381,16.758,0.32
1178,77,ASN,HD22,10.411,1.384,15.81,0.3
1179,77,ASN,C,10.8,-0.679,12.135,0.51
1180,77,ASN,O,11.782,-1.382,12.424,-0.51
1181,78,ILE,N,10.401,-0.466,10.906,-0.47
1182,78,ILE,HN,9.768,0.304,10.627,0.31
1183,78,ILE,CA,11.236,-0.876,9.743,0.07
1184,78,ILE,HA,11.933,-1.666,10.097,0.09
1185,78,ILE,CB,10.402,-1.384,8.603,-0.09
1186,78,ILE,HB,9.621,-0.712,8.274,0.09
1187,78,ILE,CG2,11.313,-1.772,7.422,-0.27
1188,78,ILE,HG21,12.122,-2.372,7.691,0.09
1189,78,ILE,HG22,10.67,-2.291,6.68,0.09
1190,78,ILE,HG23,11.632,-0.775,6.91,0.09
1191,78,ILE,CG1,9.751,-2.787,9.005,-0.18
1192,78,ILE,HG11,10.598,-3.473,9.199,0.09
1193,78,ILE,HG12,9.218,-2.635,9.938,0.09
1194,78,ILE,CD,8.732,-3.31,7.961,-0.27
1195,78,ILE,HD1,9.272,-3.738,7.156,0.09
1196,78,ILE,HD2,7.98,-3.914,8.453,0.09
1197,78,ILE,HD3,8.171,-2.521,7.497,0.09
1198,78,ILE,C,12.128,0.283,9.297,0.51
1199,78,ILE,O,11.563,1.355,9.146,-0.51
1200,79,PRO,N,13.443,0.21,9.103,-0.29
1201,79,PRO,CD,14.214,-0.955,9.463,0.0
1202,79,PRO,HD1,13.909,-1.259,10.441,0.09
1203,79,PRO,HD2,13.969,-1.78,8.725,0.09
1204,79,PRO,CA,14.263,1.316,8.642,0.02
1205,79,PRO,HA,14.209,2.037,9.505,0.09
1206,79,PRO,CB,15.65,0.602,8.348,-0.18
1207,79,PRO,HB1,16.464,1.312,8.627,0.09
1208,79,PRO,HB2,15.729,0.226,7.318,0.09
1209,79,PRO,CG,15.669,-0.484,9.395,-0.18
1210,79,PRO,HG1,15.751,0.035,10.362,0.09
1211,79,PRO,HG2,16.369,-1.336,9.208,0.09
1212,79,PRO,C,13.803,2.059,7.393,0.51
1213,79,PRO,O,13.254,1.505,6.486,-0.51
1214,80,CYS,N,14.087,3.367,7.384,-0.47
1215,80,CYS,HN,14.597,3.77,8.179,0.31
1216,80,CYS,CA,13.75,4.188,6.25,0.07
1217,80,CYS,HA,12.705,4.042,5.984,0.09
1218,80,CYS,CB,13.906,5.666,6.668,-0.11
1219,80,CYS,HB1,14.966,5.754,6.898,0.09
1220,80,CYS,HB2,13.724,6.228,5.804,0.09
1221,80,CYS,SG,12.802,6.103,7.973,-0.23
1222,80,CYS,HG1,13.329,5.291,8.854,0.16
1223,80,CYS,C,14.582,3.888,5.022,0.51
1224,80,CYS,O,14.17,3.904,3.853,-0.51
1225,81,SER,N,15.831,3.378,5.205,-0.47
1226,81,SER,HN,16.289,3.306,6.106,0.31
1227,81,SER,CA,16.669,2.748,4.157,0.07
1228,81,SER,HA,16.639,3.354,3.327,0.09
1229,81,SER,CB,18.164,2.536,4.672,0.05
1230,81,SER,HB1,18.755,1.912,4.011,0.09
1231,81,SER,HB2,18.517,3.523,4.801,0.09
1232,81,SER,OG,18.053,1.768,5.865,-0.66
1233,81,SER,HG1,18.89,1.915,6.412,0.43
1234,81,SER,C,16.107,1.493,3.642,0.51
1235,81,SER,O,16.157,1.357,2.409,-0.51
1236,82,ALA,N,15.396,0.726,4.422,-0.47
1237,82,ALA,HN,15.156,0.887,5.372,0.31
1238,82,ALA,CA,14.739,-0.506,3.975,0.07
1239,82,ALA,HA,15.509,-1.125,3.516,0.09
1240,82,ALA,CB,14.395,-1.275,5.245,-0.27
1241,82,ALA,HB1,13.999,-2.28,5.067,0.09
1242,82,ALA,HB2,15.287,-1.498,5.844,0.09
1243,82,ALA,HB3,13.695,-0.72,5.801,0.09
1244,82,ALA,C,13.531,-0.264,3.08,0.51
1245,82,ALA,O,13.39,-0.803,1.985,-0.51
1246,83,LEU,N,12.658,0.658,3.539,-0.47
1247,83,LEU,HN,12.804,1.047,4.454,0.31
1248,83,LEU,CA,11.422,1.034,2.878,0.07
1249,83,LEU,HA,10.856,0.086,2.626,0.09
1250,83,LEU,CB,10.649,2.044,3.788,-0.18
1251,83,LEU,HB1,11.269,2.99,3.993,0.09
1252,83,LEU,HB2,9.819,2.416,3.183,0.09
1253,83,LEU,CG,10.056,1.487,5.163,-0.09
1254,83,LEU,HG,10.904,1.128,5.725,0.09
1255,83,LEU,CD1,9.419,2.604,5.948,-0.27
1256,83,LEU,HD11,9.128,2.173,6.972,0.09
1257,83,LEU,HD12,10.304,3.265,6.226,0.09
1258,83,LEU,HD13,8.588,3.139,5.523,0.09
1259,83,LEU,CD2,8.999,0.377,5.032,-0.27
1260,83,LEU,HD21,8.527,0.008,5.992,0.09
1261,83,LEU,HD22,8.177,0.848,4.552,0.09
1262,83,LEU,HD23,9.374,-0.524,4.529,0.09
1263,83,LEU,C,11.738,1.758,1.509,0.51
1264,83,LEU,O,11.029,1.522,0.531,-0.51
1265,84,LEU,N,12.829,2.585,1.417,-0.47
1266,84,LEU,HN,13.479,2.697,2.194,0.31
1267,84,LEU,CA,13.096,3.398,0.229,0.07
1268,84,LEU,HA,12.139,3.795,-0.214,0.09
1269,84,LEU,CB,13.945,4.528,0.865,-0.18
1270,84,LEU,HB1,13.349,4.974,1.704,0.09
1271,84,LEU,HB2,14.865,4.093,1.332,0.09
1272,84,LEU,CG,14.4,5.697,-0.053,-0.09
1273,84,LEU,HG,15.159,5.296,-0.735,0.09
1274,84,LEU,CD1,13.248,6.336,-0.879,-0.27
1275,84,LEU,HD11,13.683,7.145,-1.415,0.09
1276,84,LEU,HD12,12.805,5.65,-1.63,0.09
1277,84,LEU,HD13,12.448,6.723,-0.212,0.09
1278,84,LEU,CD2,15.106,6.776,0.867,-0.27
1279,84,LEU,HD21,15.644,7.541,0.274,0.09
1280,84,LEU,HD22,14.33,7.346,1.366,0.09
1281,84,LEU,HD23,15.816,6.331,1.584,0.09
1282,84,LEU,C,13.938,2.651,-0.824,0.51
1283,84,LEU,O,14.209,3.115,-1.923,-0.51
1284,85,SER,N,14.33,1.428,-0.399,-0.47
1285,85,SER,HN,14.097,1.292,0.565,0.31
1286,85,SER,CA,14.956,0.366,-1.222,0.07
1287,85,SER,HA,15.935,0.698,-1.528,0.09
1288,85,SER,CB,15.335,-0.928,-0.481,0.05
1289,85,SER,HB1,15.764,-0.688,0.529,0.09
1290,85,SER,HB2,14.322,-1.374,-0.28,0.09
1291,85,SER,OG,16.27,-1.796,-1.067,-0.66
1292,85,SER,HG1,16.108,-2.623,-0.541,0.43
1293,85,SER,C,14.163,0.151,-2.492,0.51
1294,85,SER,O,12.941,0.327,-2.549,-0.51
1295,86,SER,N,14.81,-0.215,-3.643,-0.47
1296,86,SER,HN,15.767,-0.081,-3.549,0.31
1297,86,SER,CA,14.197,-0.803,-4.795,0.07
1298,86,SER,HA,13.466,-0.066,-5.161,0.09
1299,86,SER,CB,15.22,-1.335,-5.799,0.05
1300,86,SER,HB1,15.984,-1.903,-5.228,0.09
1301,86,SER,HB2,14.606,-2.145,-6.389,0.09
1302,86,SER,OG,15.765,-0.271,-6.639,-0.66
1303,86,SER,HG1,16.296,-0.735,-7.317,0.43
1304,86,SER,C,13.386,-1.99,-4.538,0.51
1305,86,SER,O,12.246,-2.074,-5.005,-0.51
1306,87,ASP,N,13.81,-2.908,-3.531,-0.47
1307,87,ASP,HN,14.642,-2.755,-3.076,0.31
1308,87,ASP,CA,13.022,-4.071,-3.0,0.07
1309,87,ASP,HA,12.569,-4.573,-3.811,0.09
1310,87,ASP,CB,14.027,-4.938,-2.266,-0.28
1311,87,ASP,HB1,14.722,-5.265,-3.024,0.09
1312,87,ASP,HB2,14.501,-4.258,-1.525,0.09
1313,87,ASP,CG,13.416,-6.095,-1.489,0.62
1314,87,ASP,OD1,12.228,-6.421,-1.537,-0.76
1315,87,ASP,OD2,14.297,-6.74,-0.793,-0.76
1316,87,ASP,C,11.836,-3.622,-2.117,0.51
1317,87,ASP,O,11.965,-2.822,-1.232,-0.51
1318,88,ILE,N,10.639,-4.126,-2.411,-0.47
1319,88,ILE,HN,10.463,-4.912,-2.917,0.31
1320,88,ILE,CA,9.469,-3.6,-1.693,0.07
1321,88,ILE,HA,9.709,-2.631,-1.237,0.09
1322,88,ILE,CB,8.245,-3.457,-2.649,-0.09
1323,88,ILE,HB,7.396,-3.066,-2.002,0.09
1324,88,ILE,CG2,8.509,-2.353,-3.68,-0.27
1325,88,ILE,HG21,7.559,-2.158,-4.312,0.09
1326,88,ILE,HG22,8.842,-1.447,-3.146,0.09
1327,88,ILE,HG23,9.352,-2.556,-4.385,0.09
1328,88,ILE,CG1,7.87,-4.812,-3.261,-0.18
1329,88,ILE,HG11,8.316,-4.923,-4.265,0.09
1330,88,ILE,HG12,8.217,-5.726,-2.722,0.09
1331,88,ILE,CD,6.368,-4.943,-3.455,-0.27
1332,88,ILE,HD1,5.727,-4.575,-2.612,0.09
1333,88,ILE,HD2,5.964,-4.286,-4.217,0.09
1334,88,ILE,HD3,6.057,-5.94,-3.786,0.09
1335,88,ILE,C,9.056,-4.447,-0.513,0.51
1336,88,ILE,O,7.977,-4.223,0.039,-0.51
1337,89,THR,N,9.93,-5.349,-0.035,-0.47
1338,89,THR,HN,10.819,-5.361,-0.595,0.31
1339,89,THR,CA,9.709,-6.347,1.019,0.07
1340,89,THR,HA,8.758,-6.852,0.693,0.09
1341,89,THR,CB,10.921,-7.293,1.226,0.14
1342,89,THR,HB,11.809,-6.719,1.435,0.09
1343,89,THR,OG1,11.044,-8.163,0.061,-0.66
1344,89,THR,HG1,11.444,-7.493,-0.536,0.43
1345,89,THR,CG2,10.559,-8.321,2.339,-0.27
1346,89,THR,HG21,9.649,-8.846,2.061,0.09
1347,89,THR,HG22,11.302,-9.081,2.503,0.09
1348,89,THR,HG23,10.314,-7.839,3.308,0.09
1349,89,THR,C,9.315,-5.765,2.352,0.51
1350,89,THR,O,8.334,-6.081,3.035,-0.51
1351,90,ALA,N,10.175,-4.772,2.688,-0.47
1352,90,ALA,HN,11.015,-4.537,2.134,0.31
1353,90,ALA,CA,9.96,-3.9,3.817,0.07
1354,90,ALA,HA,9.934,-4.598,4.63,0.09
1355,90,ALA,CB,11.235,-3.023,3.89,-0.27
1356,90,ALA,HB1,11.156,-2.312,4.767,0.09
1357,90,ALA,HB2,12.132,-3.671,4.028,0.09
1358,90,ALA,HB3,11.252,-2.42,2.999,0.09
1359,90,ALA,C,8.68,-3.099,3.849,0.51
1360,90,ALA,O,7.984,-2.985,4.872,-0.51
1361,91,SER,N,8.334,-2.515,2.683,-0.47
1362,91,SER,HN,8.908,-2.443,1.873,0.31
1363,91,SER,CA,7.153,-1.734,2.628,0.07
1364,91,SER,HA,7.212,-1.062,3.4,0.09
1365,91,SER,CB,7.058,-1.163,1.193,0.05
1366,91,SER,HB1,7.114,-1.924,0.386,0.09
1367,91,SER,HB2,6.134,-0.548,1.059,0.09
1368,91,SER,OG,8.162,-0.255,0.956,-0.66
1369,91,SER,HG1,8.973,-0.775,0.669,0.43
1370,91,SER,C,5.897,-2.676,2.723,0.51
1371,91,SER,O,4.894,-2.348,3.354,-0.51
1372,92,VAL,N,6.038,-3.848,2.104,-0.47
1373,92,VAL,HN,6.715,-3.961,1.392,0.31
1374,92,VAL,CA,4.992,-4.829,2.215,0.07
1375,92,VAL,HA,4.113,-4.369,1.876,0.09
1376,92,VAL,CB,5.142,-6.045,1.275,-0.09
1377,92,VAL,HB,5.958,-6.723,1.557,0.09
1378,92,VAL,CG1,3.857,-6.753,1.415,-0.27
1379,92,VAL,HG11,3.699,-7.552,0.598,0.09
1380,92,VAL,HG12,3.905,-7.418,2.271,0.09
1381,92,VAL,HG13,2.895,-6.247,1.3,0.09
1382,92,VAL,CG2,5.406,-5.691,-0.205,-0.27
1383,92,VAL,HG21,4.909,-6.422,-0.875,0.09
1384,92,VAL,HG22,4.984,-4.714,-0.552,0.09
1385,92,VAL,HG23,6.507,-5.766,-0.441,0.09
1386,92,VAL,C,4.818,-5.329,3.685,0.51
1387,92,VAL,O,3.679,-5.338,4.162,-0.51
1388,93,ASN,N,5.93,-5.674,4.414,-0.47
1389,93,ASN,HN,6.852,-5.609,4.022,0.31
1390,93,ASN,CA,5.828,-6.028,5.887,0.07
1391,93,ASN,HA,5.056,-6.778,5.887,0.09
1392,93,ASN,CB,7.144,-6.397,6.554,-0.18
1393,93,ASN,HB1,7.89,-5.589,6.463,0.09
1394,93,ASN,HB2,7.022,-6.599,7.619,0.09
1395,93,ASN,CG,7.734,-7.615,5.91,0.55
1396,93,ASN,OD1,6.999,-8.431,5.361,-0.55
1397,93,ASN,ND2,9.08,-7.645,5.813,-0.62
1398,93,ASN,HD21,9.593,-8.484,5.558,0.32
1399,93,ASN,HD22,9.648,-6.793,6.087,0.3
1400,93,ASN,C,5.232,-4.921,6.731,0.51
1401,93,ASN,O,4.509,-5.204,7.712,-0.51
1402,94,CYS,N,5.501,-3.612,6.369,-0.47
1403,94,CYS,HN,6.391,-3.344,5.873,0.31
1404,94,CYS,CA,4.884,-2.451,7.009,0.07
1405,94,CYS,HA,4.959,-2.547,8.064,0.09
1406,94,CYS,CB,5.758,-1.186,6.687,-0.11
1407,94,CYS,HB1,6.771,-1.39,6.984,0.09
1408,94,CYS,HB2,5.722,-1.061,5.548,0.09
1409,94,CYS,SG,5.116,0.165,7.714,-0.23
1410,94,CYS,HG1,3.999,0.405,6.967,0.16
1411,94,CYS,C,3.419,-2.348,6.59,0.51
1412,94,CYS,O,2.599,-1.902,7.385,-0.51
1413,95,ALA,N,2.938,-2.748,5.392,-0.47
1414,95,ALA,HN,3.565,-2.828,4.628,0.31
1415,95,ALA,CA,1.549,-2.756,4.99,0.07
1416,95,ALA,HA,1.117,-1.777,5.256,0.09
1417,95,ALA,CB,1.332,-3.028,3.445,-0.27
1418,95,ALA,HB1,1.58,-2.121,2.874,0.09
1419,95,ALA,HB2,1.938,-3.876,3.084,0.09
1420,95,ALA,HB3,0.249,-3.31,3.27,0.09
1421,95,ALA,C,0.733,-3.786,5.722,0.51
1422,95,ALA,O,-0.444,-3.624,6.06,-0.51
1423,96,LYS,N,1.341,-4.999,5.963,-0.47
1424,96,LYS,HN,2.172,-5.023,5.432,0.31
1425,96,LYS,CA,0.882,-6.122,6.753,0.07
1426,96,LYS,HA,-0.171,-6.283,6.33,0.09
1427,96,LYS,CB,1.786,-7.305,6.515,-0.18
1428,96,LYS,HB1,2.8,-6.937,6.707,0.09
1429,96,LYS,HB2,1.453,-8.151,7.165,0.09
1430,96,LYS,CG,1.732,-7.802,5.047,-0.18
1431,96,LYS,HG1,0.65,-8.033,4.984,0.09
1432,96,LYS,HG2,1.902,-7.007,4.281,0.09
1433,96,LYS,CD,2.75,-8.903,4.787,-0.18
1434,96,LYS,HD1,3.758,-8.39,4.832,0.09
1435,96,LYS,HD2,2.81,-9.61,5.606,0.09
1436,96,LYS,CE,2.621,-9.704,3.496,0.21
1437,96,LYS,HE1,1.82,-10.379,3.581,0.05
1438,96,LYS,HE2,2.419,-8.985,2.724,0.05
1439,96,LYS,NZ,3.86,-10.51,3.307,-0.3
1440,96,LYS,HZ1,3.863,-11.079,2.439,0.33
1441,96,LYS,HZ2,4.589,-9.792,3.373,0.33
1442,96,LYS,HZ3,4.052,-11.137,4.094,0.33
1443,96,LYS,C,0.645,-5.815,8.209,0.51
1444,96,LYS,O,-0.263,-6.368,8.863,-0.51
1445,97,LYS,N,1.436,-4.901,8.876,-0.47
1446,97,LYS,HN,2.144,-4.442,8.369,0.31
1447,97,LYS,CA,1.351,-4.405,10.242,0.07
1448,97,LYS,HA,1.268,-5.293,10.837,0.09
1449,97,LYS,CB,2.476,-3.462,10.681,-0.18
1450,97,LYS,HB1,3.369,-3.839,10.325,0.09
1451,97,LYS,HB2,2.289,-2.493,10.192,0.09
1452,97,LYS,CG,2.531,-3.16,12.189,-0.18
1453,97,LYS,HG1,3.208,-2.288,12.543,0.09
1454,97,LYS,HG2,1.496,-2.76,12.431,0.09
1455,97,LYS,CD,2.763,-4.365,13.049,-0.18
1456,97,LYS,HD1,2.449,-4.196,14.126,0.09
1457,97,LYS,HD2,2.14,-5.168,12.707,0.09
1458,97,LYS,CE,4.261,-4.646,13.211,0.21
1459,97,LYS,HE1,4.764,-4.322,12.327,0.05
1460,97,LYS,HE2,4.766,-4.064,14.021,0.05
1461,97,LYS,NZ,4.455,-6.019,13.397,-0.3
1462,97,LYS,HZ1,4.382,-6.224,14.432,0.33
1463,97,LYS,HZ2,3.738,-6.621,12.974,0.33
1464,97,LYS,HZ3,5.357,-6.347,13.084,0.33
1465,97,LYS,C,0.008,-3.712,10.503,0.51
1466,97,LYS,O,-0.615,-3.778,11.548,-0.51
1467,98,ILE,N,-0.413,-3.039,9.451,-0.47
1468,98,ILE,HN,0.168,-3.084,8.64,0.31
1469,98,ILE,CA,-1.566,-2.157,9.389,0.07
1470,98,ILE,HA,-1.618,-1.438,10.326,0.09
1471,98,ILE,CB,-1.428,-1.161,8.257,-0.09
1472,98,ILE,HB,-1.428,-1.769,7.315,0.09
1473,98,ILE,CG2,-2.568,-0.098,8.202,-0.27
1474,98,ILE,HG21,-2.585,0.587,7.298,0.09
1475,98,ILE,HG22,-3.558,-0.633,8.224,0.09
1476,98,ILE,HG23,-2.499,0.63,9.048,0.09
1477,98,ILE,CG1,-0.2,-0.306,8.398,-0.18
1478,98,ILE,HG11,-0.383,0.317,9.247,0.09
1479,98,ILE,HG12,0.662,-0.94,8.642,0.09
1480,98,ILE,CD,0.172,0.565,7.18,-0.27
1481,98,ILE,HD1,0.238,-0.124,6.276,0.09
1482,98,ILE,HD2,-0.536,1.356,7.059,0.09
1483,98,ILE,HD3,1.175,1.071,7.369,0.09
1484,98,ILE,C,-2.842,-2.881,9.329,0.51
1485,98,ILE,O,-3.882,-2.427,9.804,-0.51
1486,99,VAL,N,-2.745,-4.165,8.995,-0.47
1487,99,VAL,HN,-1.907,-4.677,8.689,0.31
1488,99,VAL,CA,-3.873,-5.03,9.025,0.07
1489,99,VAL,HA,-4.796,-4.543,9.337,0.09
1490,99,VAL,CB,-4.091,-5.734,7.672,-0.09
1491,99,VAL,HB,-4.948,-6.408,7.798,0.09
1492,99,VAL,CG1,-4.45,-4.65,6.625,-0.27
1493,99,VAL,HG11,-5.308,-3.995,6.942,0.09
1494,99,VAL,HG12,-3.601,-3.937,6.476,0.09
1495,99,VAL,HG13,-4.685,-5.116,5.641,0.09
1496,99,VAL,CG2,-2.885,-6.542,7.266,-0.27
1497,99,VAL,HG21,-2.081,-5.958,6.695,0.09
1498,99,VAL,HG22,-2.424,-7.139,8.036,0.09
1499,99,VAL,HG23,-3.318,-7.209,6.491,0.09
1500,99,VAL,C,-3.593,-6.137,10.066,0.51
1501,99,VAL,O,-4.341,-7.165,10.121,-0.51
1502,100,SER,N,-2.575,-6.044,10.981,-0.47
1503,100,SER,HN,-1.99,-5.27,11.05,0.31
1504,100,SER,CA,-2.29,-7.068,11.998,0.07
1505,100,SER,HA,-2.573,-8.062,11.626,0.09
1506,100,SER,CB,-0.728,-7.104,12.4,0.05
1507,100,SER,HB1,-0.509,-6.062,12.599,0.09
1508,100,SER,HB2,-0.623,-7.685,13.347,0.09
1509,100,SER,OG,0.111,-7.689,11.442,-0.66
1510,100,SER,HG1,0.076,-7.163,10.611,0.43
1511,100,SER,C,-3.093,-6.919,13.266,0.51
1512,100,SER,O,-3.026,-7.812,14.134,-0.51
1513,101,ASP,N,-3.834,-5.839,13.456,-0.47
1514,101,ASP,HN,-3.807,-5.071,12.823,0.31
1515,101,ASP,CA,-4.615,-5.689,14.659,0.07
1516,101,ASP,HA,-4.36,-6.338,15.474,0.09
1517,101,ASP,CB,-4.458,-4.225,15.175,-0.28
1518,101,ASP,HB1,-4.8,-3.539,14.322,0.09
1519,101,ASP,HB2,-4.998,-4.072,16.134,0.09
1520,101,ASP,CG,-3.052,-3.958,15.643,0.62
1521,101,ASP,OD1,-2.536,-4.779,16.396,-0.76
1522,101,ASP,OD2,-2.444,-2.948,15.144,-0.76
1523,101,ASP,C,-6.109,-6.005,14.477,0.51
1524,101,ASP,O,-6.892,-5.771,15.413,-0.51
1525,102,GLY,N,-6.456,-6.456,13.287,-0.47
1526,102,GLY,HN,-5.833,-6.61,12.548,0.31
1527,102,GLY,CA,-7.847,-6.888,13.047,-0.02
1528,102,GLY,HA1,-8.313,-7.24,13.952,0.09
1529,102,GLY,HA2,-7.794,-7.593,12.226,0.09
1530,102,GLY,C,-8.753,-5.858,12.591,0.51
1531,102,GLY,O,-10.025,-5.928,12.726,-0.51
1532,103,ASN,N,-8.204,-4.8,11.952,-0.47
1533,103,ASN,HN,-7.233,-4.787,12.026,0.31
1534,103,ASN,CA,-9.078,-3.657,11.709,0.07
1535,103,ASN,HA,-10.111,-3.849,12.096,0.09
1536,103,ASN,CB,-8.548,-2.364,12.469,-0.18
1537,103,ASN,HB1,-7.416,-2.297,12.303,0.09
1538,103,ASN,HB2,-9.106,-1.489,12.063,0.09
1539,103,ASN,CG,-8.792,-2.557,13.935,0.55
1540,103,ASN,OD1,-9.902,-2.946,14.373,-0.55
1541,103,ASN,ND2,-7.775,-2.269,14.755,-0.62
1542,103,ASN,HD21,-7.931,-2.212,15.737,0.32
1543,103,ASN,HD22,-6.853,-2.109,14.442,0.3
1544,103,ASN,C,-9.14,-3.344,10.276,0.51
1545,103,ASN,O,-9.622,-2.294,9.88,-0.51
1546,104,GLY,N,-8.571,-4.209,9.447,-0.47
1547,104,GLY,HN,-8.212,-5.027,9.885,0.31
1548,104,GLY,CA,-8.498,-4.15,7.96,-0.02
1549,104,GLY,HA1,-9.542,-4.37,7.626,0.09
1550,104,GLY,HA2,-7.891,-5.003,7.673,0.09
1551,104,GLY,C,-7.849,-2.967,7.235,0.51
1552,104,GLY,O,-6.934,-2.231,7.736,-0.51
1553,105,MET,N,-8.223,-2.843,5.988,-0.47
1554,105,MET,HN,-8.988,-3.47,5.62,0.31
1555,105,MET,CA,-7.638,-1.861,5.036,0.07
1556,105,MET,HA,-6.647,-1.453,5.28,0.09
1557,105,MET,CB,-7.487,-2.476,3.605,-0.18
1558,105,MET,HB1,-8.425,-3.089,3.324,0.09
1559,105,MET,HB2,-7.408,-1.673,2.905,0.09
1560,105,MET,CG,-6.36,-3.45,3.43,-0.14
1561,105,MET,HG1,-5.446,-2.955,3.873,0.09
1562,105,MET,HG2,-6.619,-4.37,3.99,0.09
1563,105,MET,SD,-6.131,-3.835,1.65,-0.09
1564,105,MET,CE,-5.008,-2.418,1.353,-0.22
1565,105,MET,HE1,-4.664,-2.338,0.302,0.09
1566,105,MET,HE2,-5.37,-1.396,1.724,0.09
1567,105,MET,HE3,-3.982,-2.575,1.844,0.09
1568,105,MET,C,-8.472,-0.513,4.973,0.51
1569,105,MET,O,-8.231,0.301,4.099,-0.51
1570,106,ASN,N,-9.408,-0.275,5.953,-0.47
1571,106,ASN,HN,-9.457,-0.819,6.779,0.31
1572,106,ASN,CA,-10.131,0.939,5.964,0.07
1573,106,ASN,HA,-10.344,1.251,4.874,0.09
1574,106,ASN,CB,-11.422,1.007,6.819,-0.18
1575,106,ASN,HB1,-11.162,0.866,7.838,0.09
1576,106,ASN,HB2,-11.965,1.986,6.706,0.09
1577,106,ASN,CG,-12.388,-0.046,6.339,0.55
1578,106,ASN,OD1,-13.018,0.202,5.315,-0.55
1579,106,ASN,ND2,-12.571,-1.233,7.04,-0.62
1580,106,ASN,HD21,-13.169,-1.962,6.658,0.32
1581,106,ASN,HD22,-12.281,-1.248,7.998,0.3
1582,106,ASN,C,-9.329,2.163,6.438,0.51
1583,106,ASN,O,-9.851,3.246,6.259,-0.51
1584,107,ALA,N,-8.062,2.04,6.862,-0.47
1585,107,ALA,HN,-7.75,1.076,7.018,0.31
1586,107,ALA,CA,-7.034,3.031,7.093,0.07
1587,107,ALA,HA,-7.38,3.727,7.826,0.09
1588,107,ALA,CB,-5.717,2.227,7.378,-0.27
1589,107,ALA,HB1,-5.515,1.52,6.509,0.09
1590,107,ALA,HB2,-4.868,2.866,7.511,0.09
1591,107,ALA,HB3,-5.813,1.662,8.238,0.09
1592,107,ALA,C,-6.777,3.845,5.857,0.51
1593,107,ALA,O,-6.355,5.02,5.911,-0.51
1594,108,TRP,N,-6.927,3.138,4.748,-0.47
1595,108,TRP,HN,-7.475,2.269,4.882,0.31
1596,108,TRP,CA,-6.614,3.772,3.439,0.07
1597,108,TRP,HA,-5.891,4.587,3.392,0.09
1598,108,TRP,CB,-6.099,2.655,2.465,-0.18
1599,108,TRP,HB1,-6.683,1.718,2.576,0.09
1600,108,TRP,HB2,-6.165,2.995,1.364,0.09
1601,108,TRP,CG,-4.618,2.303,2.65,-0.03
1602,108,TRP,CD1,-3.579,3.1,2.341,0.035
1603,108,TRP,HD1,-3.759,4.046,1.873,0.115
1604,108,TRP,NE1,-2.441,2.589,2.84,-0.61
1605,108,TRP,HE1,-1.563,2.836,2.548,0.38
1606,108,TRP,CE2,-2.756,1.351,3.467,0.13
1607,108,TRP,CD2,-4.146,1.185,3.408,-0.02
1608,108,TRP,CE3,-4.762,0.058,3.933,-0.115
1609,108,TRP,HE3,-5.816,-0.038,3.837,0.115
1610,108,TRP,CZ3,-3.915,-0.84,4.618,-0.115
1611,108,TRP,HZ3,-4.335,-1.691,5.081,0.115
1612,108,TRP,CZ2,-1.976,0.494,4.179,-0.115
1613,108,TRP,HZ2,-0.935,0.667,4.187,0.115
1614,108,TRP,CH2,-2.545,-0.687,4.772,-0.115
1615,108,TRP,HH2,-1.914,-1.395,5.248,0.115
1616,108,TRP,C,-7.908,4.231,2.717,0.51
1617,108,TRP,O,-8.82,3.411,2.512,-0.51
1618,109,VAL,N,-8.033,5.546,2.432,-0.47
1619,109,VAL,HN,-7.266,6.191,2.731,0.31
1620,109,VAL,CA,-9.192,6.238,1.884,0.07
1621,109,VAL,HA,-10.082,6.078,2.432,0.09
1622,109,VAL,CB,-8.928,7.775,1.966,-0.09
1623,109,VAL,HB,-8.778,7.992,3.001,0.09
1624,109,VAL,CG1,-7.722,8.24,1.24,-0.27
1625,109,VAL,HG11,-7.766,8.12,0.135,0.09
1626,109,VAL,HG12,-7.667,9.323,1.456,0.09
1627,109,VAL,HG13,-6.703,7.758,1.487,0.09
1628,109,VAL,CG2,-10.246,8.449,1.553,-0.27
1629,109,VAL,HG21,-10.087,9.54,1.538,0.09
1630,109,VAL,HG22,-10.506,8.282,0.494,0.09
1631,109,VAL,HG23,-11.076,8.114,2.164,0.09
1632,109,VAL,C,-9.624,5.737,0.49,0.51
1633,109,VAL,O,-10.752,5.505,0.049,-0.51
1634,110,ALA,N,-8.561,5.436,-0.266,-0.47
1635,110,ALA,HN,-7.673,5.701,0.025,0.31
1636,110,ALA,CA,-8.773,4.747,-1.591,0.07
1637,110,ALA,HA,-9.442,5.331,-2.2,0.09
1638,110,ALA,CB,-7.411,4.618,-2.237,-0.27
1639,110,ALA,HB1,-6.916,5.573,-2.451,0.09
1640,110,ALA,HB2,-6.709,4.097,-1.494,0.09
1641,110,ALA,HB3,-7.394,4.074,-3.221,0.09
1642,110,ALA,C,-9.371,3.393,-1.537,0.51
1643,110,ALA,O,-10.252,3.01,-2.322,-0.51
1644,111,TRP,N,-8.93,2.59,-0.572,-0.47
1645,111,TRP,HN,-8.126,2.767,-0.046,0.31
1646,111,TRP,CA,-9.599,1.339,-0.293,0.07
1647,111,TRP,HA,-9.691,0.76,-1.227,0.09
1648,111,TRP,CB,-8.789,0.535,0.708,-0.18
1649,111,TRP,HB1,-7.736,0.699,0.495,0.09
1650,111,TRP,HB2,-8.989,0.917,1.731,0.09
1651,111,TRP,CG,-9.184,-0.9,0.728,-0.03
1652,111,TRP,CD1,-8.83,-1.828,-0.181,0.035
1653,111,TRP,HD1,-7.884,-1.74,-0.719,0.115
1654,111,TRP,NE1,-9.7,-2.956,-0.183,-0.61
1655,111,TRP,HE1,-9.58,-3.718,-0.74,0.38
1656,111,TRP,CE2,-10.487,-2.79,0.943,0.13
1657,111,TRP,CD2,-10.153,-1.569,1.551,-0.02
1658,111,TRP,CE3,-10.845,-1.149,2.696,-0.115
1659,111,TRP,HE3,-10.522,-0.24,3.129,0.115
1660,111,TRP,CZ3,-11.817,-1.944,3.226,-0.115
1661,111,TRP,HZ3,-12.325,-1.668,4.187,0.115
1662,111,TRP,CZ2,-11.443,-3.6,1.541,-0.115
1663,111,TRP,HZ2,-11.781,-4.517,1.138,0.115
1664,111,TRP,CH2,-12.123,-3.199,2.686,-0.115
1665,111,TRP,HH2,-12.677,-4.002,3.139,0.115
1666,111,TRP,C,-10.962,1.514,0.275,0.51
1667,111,TRP,O,-11.896,0.892,-0.245,-0.51
1668,112,ARG,N,-11.093,2.332,1.3,-0.47
1669,112,ARG,HN,-10.228,2.711,1.805,0.31
1670,112,ARG,CA,-12.396,2.556,1.922,0.07
1671,112,ARG,HA,-12.747,1.642,2.294,0.09
1672,112,ARG,CB,-12.169,3.472,3.174,-0.18
1673,112,ARG,HB1,-11.352,3.025,3.767,0.09
1674,112,ARG,HB2,-11.748,4.419,2.88,0.09
1675,112,ARG,CG,-13.472,3.454,4.07,-0.18
1676,112,ARG,HG1,-14.317,3.746,3.54,0.09
1677,112,ARG,HG2,-13.679,2.44,4.405,0.09
1678,112,ARG,CD,-13.383,4.122,5.434,0.2
1679,112,ARG,HD1,-14.247,4.068,6.052,0.09
1680,112,ARG,HD2,-12.468,3.846,6.074,0.09
1681,112,ARG,NE,-13.261,5.574,4.963,-0.7
1682,112,ARG,HE,-14.199,6.051,5.082,0.44
1683,112,ARG,CZ,-12.188,6.378,5.068,0.64
1684,112,ARG,NH1,-11.037,5.789,5.352,-0.8
1685,112,ARG,HH11,-10.34,6.45,5.716,0.46
1686,112,ARG,HH12,-10.895,4.785,5.363,0.46
1687,112,ARG,NH2,-12.423,7.702,5.134,-0.8
1688,112,ARG,HH21,-11.654,8.381,5.324,0.46
1689,112,ARG,HH22,-13.336,8.087,4.992,0.46
1690,112,ARG,C,-13.503,3.117,1.035,0.51
1691,112,ARG,O,-14.671,2.746,1.162,-0.51
1692,113,ASN,N,-13.118,4.035,0.101,-0.47
1693,113,ASN,HN,-12.21,4.346,-0.036,0.31
1694,113,ASN,CA,-14.167,4.687,-0.717,0.07
1695,113,ASN,HA,-15.203,4.544,-0.348,0.09
1696,113,ASN,CB,-13.879,6.252,-0.602,-0.18
1697,113,ASN,HB1,-12.887,6.48,-1.015,0.09
1698,113,ASN,HB2,-14.588,6.861,-1.223,0.09
1699,113,ASN,CG,-14.092,6.75,0.829,0.55
1700,113,ASN,OD1,-14.926,6.371,1.673,-0.55
1701,113,ASN,ND2,-13.393,7.824,1.16,-0.62
1702,113,ASN,HD21,-13.577,8.415,1.977,0.32
1703,113,ASN,HD22,-12.568,7.976,0.666,0.3
1704,113,ASN,C,-14.21,4.395,-2.125,0.51
1705,113,ASN,O,-15.134,4.838,-2.815,-0.51
1706,114,ARG,N,-13.25,3.573,-2.7,-0.47
1707,114,ARG,HN,-12.442,3.3,-2.235,0.31
1708,114,ARG,CA,-13.212,3.365,-4.12,0.07
1709,114,ARG,HA,-14.222,3.53,-4.467,0.09
1710,114,ARG,CB,-12.076,4.142,-4.789,-0.18
1711,114,ARG,HB1,-11.078,3.767,-4.583,0.09
1712,114,ARG,HB2,-12.326,4.019,-5.839,0.09
1713,114,ARG,CG,-12.246,5.619,-4.47,-0.18
1714,114,ARG,HG1,-13.328,5.941,-4.637,0.09
1715,114,ARG,HG2,-12.084,5.697,-3.383,0.09
1716,114,ARG,CD,-11.32,6.608,-5.209,0.2
1717,114,ARG,HD1,-11.626,7.681,-4.786,0.09
1718,114,ARG,HD2,-10.302,6.49,-5.112,0.09
1719,114,ARG,NE,-11.628,6.532,-6.641,-0.7
1720,114,ARG,HE,-12.269,5.834,-6.977,0.44
1721,114,ARG,CZ,-10.886,7.26,-7.529,0.64
1722,114,ARG,NH1,-10.083,8.286,-7.232,-0.8
1723,114,ARG,HH11,-9.72,8.768,-7.999,0.46
1724,114,ARG,HH12,-9.812,8.523,-6.3,0.46
1725,114,ARG,NH2,-11.121,7.022,-8.818,-0.8
1726,114,ARG,HH21,-10.513,7.401,-9.502,0.46
1727,114,ARG,HH22,-11.665,6.128,-8.988,0.46
1728,114,ARG,C,-12.964,1.833,-4.374,0.51
1729,114,ARG,O,-13.349,1.336,-5.498,-0.51
1730,115,CYS,N,-12.472,1.084,-3.362,-0.47
1731,115,CYS,HN,-12.086,1.465,-2.557,0.31
1732,115,CYS,CA,-12.315,-0.352,-3.671,0.07
1733,115,CYS,HA,-12.399,-0.48,-4.74,0.09
1734,115,CYS,CB,-10.878,-0.853,-3.173,-0.11
1735,115,CYS,HB1,-10.819,-0.642,-2.11,0.09
1736,115,CYS,HB2,-10.852,-1.964,-3.406,0.09
1737,115,CYS,SG,-9.538,0.069,-4.035,-0.23
1738,115,CYS,HG1,-9.875,1.301,-3.547,0.16
1739,115,CYS,C,-13.334,-1.153,-2.959,0.51
1740,115,CYS,O,-13.901,-2.08,-3.596,-0.51
1741,116,LYS,N,-13.604,-0.921,-1.679,-0.47
1742,116,LYS,HN,-13.128,-0.237,-1.271,0.31
1743,116,LYS,CA,-14.672,-1.617,-0.923,0.07
1744,116,LYS,HA,-14.587,-2.712,-1.045,0.09
1745,116,LYS,CB,-14.637,-1.216,0.538,-0.18
1746,116,LYS,HB1,-13.524,-1.304,0.87,0.09
1747,116,LYS,HB2,-14.744,-0.097,0.538,0.09
1748,116,LYS,CG,-15.603,-2.023,1.451,-0.18
1749,116,LYS,HG1,-16.635,-1.778,1.106,0.09
1750,116,LYS,HG2,-15.27,-3.079,1.369,0.09
1751,116,LYS,CD,-15.512,-1.595,2.992,-0.18
1752,116,LYS,HD1,-16.316,-2.092,3.493,0.09
1753,116,LYS,HD2,-14.579,-2.225,3.396,0.09
1754,116,LYS,CE,-15.563,-0.102,3.173,0.21
1755,116,LYS,HE1,-14.623,0.377,2.759,0.05
1756,116,LYS,HE2,-16.5,0.352,2.667,0.05
1757,116,LYS,NZ,-15.592,0.254,4.596,-0.3
1758,116,LYS,HZ1,-14.612,0.11,5.054,0.33
1759,116,LYS,HZ2,-16.035,1.239,4.851,0.33
1760,116,LYS,HZ3,-16.208,-0.492,5.009,0.33
1761,116,LYS,C,-16.068,-1.178,-1.452,0.51
1762,116,LYS,O,-16.385,0.019,-1.656,-0.51
1763,117,GLY,N,-16.91,-2.219,-1.646,-0.47
1764,117,GLY,HN,-16.661,-3.212,-1.496,0.31
1765,117,GLY,CA,-18.271,-2.044,-2.177,-0.02
1766,117,GLY,HA1,-18.65,-1.09,-1.851,0.09
1767,117,GLY,HA2,-18.853,-2.86,-1.781,0.09
1768,117,GLY,C,-18.366,-1.846,-3.628,0.51
1769,117,GLY,O,-19.419,-1.674,-4.198,-0.51
1770,118,THR,N,-17.243,-1.796,-4.406,-0.47
1771,118,THR,HN,-16.38,-1.931,-4.007,0.31
1772,118,THR,CA,-17.311,-1.466,-5.794,0.07
1773,118,THR,HA,-18.398,-1.396,-6.176,0.09
1774,118,THR,CB,-16.452,-0.219,-6.064,0.14
1775,118,THR,HB,-15.467,-0.227,-5.512,0.09
1776,118,THR,OG1,-17.225,0.964,-5.701,-0.66
1777,118,THR,HG1,-16.936,1.219,-4.83,0.43
1778,118,THR,CG2,-16.194,0.087,-7.505,-0.27
1779,118,THR,HG21,-17.068,0.076,-8.11,0.09
1780,118,THR,HG22,-15.727,1.086,-7.532,0.09
1781,118,THR,HG23,-15.507,-0.62,-8.038,0.09
1782,118,THR,C,-16.661,-2.653,-6.53,0.51
1783,118,THR,O,-15.819,-3.315,-5.949,-0.51
1784,119,ASP,N,-17.097,-2.95,-7.778,-0.47
1785,119,ASP,HN,-17.785,-2.431,-8.259,0.31
1786,119,ASP,CA,-16.541,-3.992,-8.591,0.07
1787,119,ASP,HA,-16.464,-4.937,-7.992,0.09
1788,119,ASP,CB,-17.432,-4.156,-9.87,-0.28
1789,119,ASP,HB1,-18.505,-4.156,-9.484,0.09
1790,119,ASP,HB2,-17.51,-3.29,-10.557,0.09
1791,119,ASP,CG,-17.262,-5.385,-10.627,0.62
1792,119,ASP,OD1,-18.293,-5.863,-11.223,-0.76
1793,119,ASP,OD2,-16.137,-5.913,-10.809,-0.76
1794,119,ASP,C,-15.106,-3.495,-9.024,0.51
1795,119,ASP,O,-14.929,-2.369,-9.591,-0.51
1796,120,VAL,N,-14.005,-4.253,-8.836,-0.47
1797,120,VAL,HN,-14.067,-5.053,-8.357,0.31
1798,120,VAL,CA,-12.675,-3.957,-9.189,0.07
1799,120,VAL,HA,-12.576,-2.919,-9.591,0.09
1800,120,VAL,CB,-11.737,-3.947,-7.928,-0.09
1801,120,VAL,HB,-10.708,-3.641,-8.302,0.09
1802,120,VAL,CG1,-12.215,-2.975,-6.827,-0.27
1803,120,VAL,HG11,-12.394,-1.922,-7.182,0.09
1804,120,VAL,HG12,-13.167,-3.413,-6.417,0.09
1805,120,VAL,HG13,-11.548,-2.952,-5.961,0.09
1806,120,VAL,CG2,-11.72,-5.348,-7.235,-0.27
1807,120,VAL,HG21,-12.636,-5.565,-6.594,0.09
1808,120,VAL,HG22,-11.528,-6.171,-7.914,0.09
1809,120,VAL,HG23,-10.845,-5.263,-6.589,0.09
1810,120,VAL,C,-12.1,-4.908,-10.295,0.51
1811,120,VAL,O,-10.934,-4.884,-10.569,-0.51
1812,121,GLN,N,-12.935,-5.802,-10.896,-0.47
1813,121,GLN,HN,-13.947,-5.778,-10.795,0.31
1814,121,GLN,CA,-12.516,-6.947,-11.691,0.07
1815,121,GLN,HA,-11.692,-7.513,-11.253,0.09
1816,121,GLN,CB,-13.72,-7.951,-11.922,-0.18
1817,121,GLN,HB1,-14.419,-7.944,-11.057,0.09
1818,121,GLN,HB2,-14.417,-7.705,-12.746,0.09
1819,121,GLN,CG,-13.218,-9.445,-12.199,-0.18
1820,121,GLN,HG1,-14.051,-9.995,-12.626,0.09
1821,121,GLN,HG2,-12.35,-9.395,-12.966,0.09
1822,121,GLN,CD,-12.738,-10.144,-10.955,0.55
1823,121,GLN,OE1,-13.275,-10.044,-9.862,-0.55
1824,121,GLN,NE2,-11.512,-10.798,-11.053,-0.62
1825,121,GLN,HE21,-11.225,-11.265,-10.187,0.32
1826,121,GLN,HE22,-11.072,-11.022,-11.91,0.3
1827,121,GLN,C,-12.188,-6.515,-13.114,0.51
1828,121,GLN,O,-11.588,-7.283,-13.864,-0.51
1829,122,ALA,N,-12.532,-5.233,-13.571,-0.47
1830,122,ALA,HN,-13.127,-4.668,-13.081,0.31
1831,122,ALA,CA,-11.956,-4.642,-14.716,0.07
1832,122,ALA,HA,-12.233,-5.313,-15.515,0.09
1833,122,ALA,CB,-12.777,-3.283,-15.082,-0.27
1834,122,ALA,HB1,-12.593,-2.495,-14.27,0.09
1835,122,ALA,HB2,-12.297,-2.905,-15.925,0.09
1836,122,ALA,HB3,-13.857,-3.366,-15.25,0.09
1837,122,ALA,C,-10.443,-4.488,-14.771,0.51
1838,122,ALA,O,-9.769,-4.698,-15.798,-0.51
1839,123,TRP,N,-9.826,-4.182,-13.594,-0.47
1840,123,TRP,HN,-10.42,-3.88,-12.83,0.31
1841,123,TRP,CA,-8.456,-4.024,-13.401,0.07
1842,123,TRP,HA,-8.152,-3.288,-14.156,0.09
1843,123,TRP,CB,-8.158,-3.358,-12.087,-0.18
1844,123,TRP,HB1,-8.57,-4.035,-11.24,0.09
1845,123,TRP,HB2,-7.081,-3.147,-11.947,0.09
1846,123,TRP,CG,-8.719,-1.983,-11.771,-0.03
1847,123,TRP,CD1,-9.562,-1.579,-10.77,0.035
1848,123,TRP,HD1,-9.79,-2.29,-9.975,0.115
1849,123,TRP,NE1,-9.521,-0.166,-10.658,-0.61
1850,123,TRP,HE1,-9.891,0.326,-9.92,0.38
1851,123,TRP,CE2,-8.584,0.281,-11.533,0.13
1852,123,TRP,CD2,-8.066,-0.782,-12.277,-0.02
1853,123,TRP,CE3,-7.169,-0.592,-13.327,-0.115
1854,123,TRP,HE3,-6.737,-1.385,-13.874,0.115
1855,123,TRP,CZ3,-6.874,0.727,-13.708,-0.115
1856,123,TRP,HZ3,-6.162,0.885,-14.459,0.115
1857,123,TRP,CZ2,-8.175,1.577,-11.829,-0.115
1858,123,TRP,HZ2,-8.606,2.506,-11.473,0.115
1859,123,TRP,CH2,-7.374,1.824,-12.981,-0.115
1860,123,TRP,HH2,-7.136,2.831,-13.248,0.115
1861,123,TRP,C,-7.703,-5.352,-13.498,0.51
1862,123,TRP,O,-6.479,-5.54,-13.512,-0.51
1863,124,ILE,N,-8.5,-6.442,-13.405,-0.47
1864,124,ILE,HN,-9.464,-6.252,-13.17,0.31
1865,124,ILE,CA,-8.048,-7.785,-13.433,0.07
1866,124,ILE,HA,-7.023,-7.855,-13.364,0.09
1867,124,ILE,CB,-8.621,-8.718,-12.33,-0.09
1868,124,ILE,HB,-9.644,-9.031,-12.498,0.09
1869,124,ILE,CG2,-7.852,-10.057,-12.208,-0.27
1870,124,ILE,HG21,-6.86,-9.874,-11.798,0.09
1871,124,ILE,HG22,-8.333,-10.666,-11.433,0.09
1872,124,ILE,HG23,-7.666,-10.494,-13.24,0.09
1873,124,ILE,CG1,-8.532,-7.884,-11.021,-0.18
1874,124,ILE,HG11,-7.494,-7.45,-11.044,0.09
1875,124,ILE,HG12,-9.239,-7.09,-11.057,0.09
1876,124,ILE,CD,-8.878,-8.63,-9.746,-0.27
1877,124,ILE,HD1,-7.974,-9.187,-9.398,0.09
1878,124,ILE,HD2,-9.195,-7.974,-8.977,0.09
1879,124,ILE,HD3,-9.515,-9.498,-9.93,0.09
1880,124,ILE,C,-8.374,-8.357,-14.831,0.51
1881,124,ILE,O,-8.115,-9.486,-15.223,-0.51
1882,125,ARG,N,-8.988,-7.488,-15.64,-0.47
1883,125,ARG,HN,-9.119,-6.578,-15.368,0.31
1884,125,ARG,CA,-9.443,-7.997,-16.918,0.07
1885,125,ARG,HA,-9.636,-9.04,-16.818,0.09
1886,125,ARG,CB,-10.741,-7.318,-17.299,-0.18
1887,125,ARG,HB1,-11.33,-7.134,-16.391,0.09
1888,125,ARG,HB2,-10.579,-6.238,-17.509,0.09
1889,125,ARG,CG,-11.413,-7.987,-18.507,-0.18
1890,125,ARG,HG1,-10.665,-8.135,-19.318,0.09
1891,125,ARG,HG2,-11.737,-9.026,-18.221,0.09
1892,125,ARG,CD,-12.606,-7.219,-19.018,0.2
1893,125,ARG,HD1,-13.089,-7.91,-19.809,0.09
1894,125,ARG,HD2,-13.4,-6.977,-18.197,0.09
1895,125,ARG,NE,-11.988,-5.963,-19.594,-0.7
1896,125,ARG,HE,-11.16,-5.983,-20.192,0.44
1897,125,ARG,CZ,-12.386,-4.762,-19.402,0.64
1898,125,ARG,NH1,-13.609,-4.388,-18.927,-0.8
1899,125,ARG,HH11,-13.726,-3.405,-18.686,0.46
1900,125,ARG,HH12,-14.32,-5.018,-18.605,0.46
1901,125,ARG,NH2,-11.664,-3.747,-19.937,-0.8
1902,125,ARG,HH21,-12.286,-3.029,-20.297,0.46
1903,125,ARG,HH22,-10.865,-4.072,-20.383,0.46
1904,125,ARG,C,-8.571,-7.775,-18.006,0.51
1905,125,ARG,O,-8.266,-6.631,-18.267,-0.51
1906,126,GLY,N,-8.045,-8.818,-18.703,-0.47
1907,126,GLY,HN,-8.242,-9.787,-18.419,0.31
1908,126,GLY,CA,-7.213,-8.606,-19.874,-0.02
1909,126,GLY,HA1,-7.508,-7.679,-20.317,0.09
1910,126,GLY,HA2,-7.344,-9.41,-20.572,0.09
1911,126,GLY,C,-5.727,-8.655,-19.559,0.51
1912,126,GLY,O,-4.908,-8.387,-20.483,-0.51
1913,127,CYS,N,-5.289,-8.906,-18.314,-0.47
1914,127,CYS,HN,-5.929,-9.27,-17.62,0.31
1915,127,CYS,CA,-3.933,-8.726,-17.811,0.07
1916,127,CYS,HA,-3.248,-8.444,-18.537,0.09
1917,127,CYS,CB,-3.969,-7.633,-16.726,-0.11
1918,127,CYS,HB1,-2.951,-7.443,-16.453,0.09
1919,127,CYS,HB2,-4.229,-6.7,-17.2,0.09
1920,127,CYS,SG,-4.885,-7.926,-15.205,-0.23
1921,127,CYS,HG1,-4.187,-9.062,-15.088,0.16
1922,127,CYS,C,-3.226,-9.943,-17.201,0.51
1923,127,CYS,O,-3.81,-11.015,-16.974,-0.51
1924,128,ARG,N,-1.904,-9.833,-16.897,-0.47
1925,128,ARG,HN,-1.433,-8.912,-16.981,0.31
1926,128,ARG,CA,-0.988,-10.878,-16.53,0.07
1927,128,ARG,HA,-1.442,-11.773,-17.002,0.09
1928,128,ARG,CB,0.342,-10.439,-17.047,-0.18
1929,128,ARG,HB1,0.242,-10.179,-18.111,0.09
1930,128,ARG,HB2,0.648,-9.555,-16.456,0.09
1931,128,ARG,CG,1.397,-11.517,-16.889,-0.18
1932,128,ARG,HG1,2.315,-11.15,-17.395,0.09
1933,128,ARG,HG2,1.658,-11.564,-15.813,0.09
1934,128,ARG,CD,0.891,-12.849,-17.382,0.2
1935,128,ARG,HD1,0.052,-13.327,-16.901,0.09
1936,128,ARG,HD2,0.753,-12.857,-18.48,0.09
1937,128,ARG,NE,2.096,-13.744,-17.13,-0.7
1938,128,ARG,HE,2.783,-13.408,-16.472,0.44
1939,128,ARG,CZ,2.141,-15.014,-17.437,0.64
1940,128,ARG,NH1,1.157,-15.613,-18.175,-0.8
1941,128,ARG,HH11,1.386,-16.538,-18.458,0.46
1942,128,ARG,HH12,0.254,-15.258,-18.201,0.46
1943,128,ARG,NH2,3.13,-15.753,-17.054,-0.8
1944,128,ARG,HH21,2.964,-16.735,-17.048,0.46
1945,128,ARG,HH22,3.755,-15.467,-16.276,0.46
1946,128,ARG,C,-1.04,-11.041,-15.033,0.51
1947,128,ARG,O,-0.801,-10.027,-14.358,-0.51
1948,129,LEU,N,-1.329,-12.175,-14.474,-0.47
1949,129,LEU,HN,-1.492,-12.975,-15.044,0.31
1950,129,LEU,CA,-1.585,-12.334,-13.107,0.07
1951,129,LEU,HA,-1.629,-11.329,-12.672,0.09
1952,129,LEU,CB,-2.972,-13.018,-12.913,-0.18
1953,129,LEU,HB1,-2.934,-14.073,-13.234,0.09
1954,129,LEU,HB2,-3.195,-12.946,-11.817,0.09
1955,129,LEU,CG,-4.195,-12.447,-13.744,-0.09
1956,129,LEU,HG,-3.881,-12.551,-14.806,0.09
1957,129,LEU,CD1,-5.415,-13.309,-13.541,-0.27
1958,129,LEU,HD11,-6.292,-13.082,-14.198,0.09
1959,129,LEU,HD12,-5.147,-14.414,-13.671,0.09
1960,129,LEU,HD13,-5.765,-13.177,-12.487,0.09
1961,129,LEU,CD2,-4.548,-10.936,-13.521,-0.27
1962,129,LEU,HD21,-5.352,-10.527,-14.12,0.09
1963,129,LEU,HD22,-4.843,-10.7,-12.49,0.09
1964,129,LEU,HD23,-3.651,-10.41,-13.793,0.09
1965,129,LEU,C,-0.458,-13.069,-12.365,0.34
1966,129,LEU,OT1,-0.354,-14.283,-12.477,-0.67
1967,129,LEU,OT2,0.393,-12.419,-11.716,-0.67
